id,name,code,user_type_id,chart_template_id/id,reconcile
l10n_cl_mega.1101000010,CAJA,1101000010,Bank and Cash,l10n_cl_mega.cl_chart_template,
l10n_cl_mega.1101000020,CAJA MONEDA EXTRANJ.,1101000020,Bank and Cash,l10n_cl_mega.cl_chart_template,
l10n_cl_mega.1101000030,FONDO FIJO MONEDA NA,1101000030,Bank and Cash,l10n_cl_mega.cl_chart_template,
l10n_cl_mega.1101000040,DIF.CAMBIO CAJA M/E,1101000040,Bank and Cash,l10n_cl_mega.cl_chart_template,
l10n_cl_mega.1101000050,FONDO FIJO MONEDA EX,1101000050,Bank and Cash,l10n_cl_mega.cl_chart_template,
l10n_cl_mega.1101000060,DIF.CAMBIO F.F. M/E,1101000060,Bank and Cash,l10n_cl_mega.cl_chart_template,
l10n_cl_mega.1101000070,RECEPCION FONDO FIJO,1101000070,Bank and Cash,l10n_cl_mega.cl_chart_template,
l10n_cl_mega.1101010000,BANCO B.C.I. PPAL.,1101010000,Bank and Cash,l10n_cl_mega.cl_chart_template,
l10n_cl_mega.1101010001,BANCO B.C.I. ENTRADA,1101010001,Bank and Cash,l10n_cl_mega.cl_chart_template,
l10n_cl_mega.1101010002,BANCO B.C.I. SALIDAS,1101010002,Bank and Cash,l10n_cl_mega.cl_chart_template,
l10n_cl_mega.1101010003,BCO. B.C.I. OT. CARG,1101010003,Bank and Cash,l10n_cl_mega.cl_chart_template,
l10n_cl_mega.1101010004,BCO B.C.I. OTROS ABO,1101010004,Bank and Cash,l10n_cl_mega.cl_chart_template,
l10n_cl_mega.1101010005,BANCO B.C.I. TRANSF.,1101010005,Bank and Cash,l10n_cl_mega.cl_chart_template,
l10n_cl_mega.1101010010,BCO. CHILE CTA PPAL.,1101010010,Bank and Cash,l10n_cl_mega.cl_chart_template,
l10n_cl_mega.1101010011,BCO CHILE - ENTRADAS,1101010011,Bank and Cash,l10n_cl_mega.cl_chart_template,
l10n_cl_mega.1101010012,BCO.CHILE - SALIDAS,1101010012,Bank and Cash,l10n_cl_mega.cl_chart_template,
l10n_cl_mega.1101010013,BCO. CHILE OT. CARGO,1101010013,Bank and Cash,l10n_cl_mega.cl_chart_template,
l10n_cl_mega.1101010014,BCO.CHILE OT. ABONOS,1101010014,Bank and Cash,l10n_cl_mega.cl_chart_template,
l10n_cl_mega.1101010015,BCO. CHILE TRANSF.,1101010015,Bank and Cash,l10n_cl_mega.cl_chart_template,
l10n_cl_mega.1101010020,BCO SANT/STGO PPAL.,1101010020,Bank and Cash,l10n_cl_mega.cl_chart_template,
l10n_cl_mega.1101010021,BANCO SANT. ENTRADAS,1101010021,Bank and Cash,l10n_cl_mega.cl_chart_template,
l10n_cl_mega.1101010022,BCO. SANTAN. SALIDAS,1101010022,Bank and Cash,l10n_cl_mega.cl_chart_template,
l10n_cl_mega.1101010023,BCO SANT. OT. CARGOS,1101010023,Bank and Cash,l10n_cl_mega.cl_chart_template,
l10n_cl_mega.1101010024,BCO SANT. OT. ABONOS,1101010024,Bank and Cash,l10n_cl_mega.cl_chart_template,
l10n_cl_mega.1101010025,BCO SANT. TRANSFEREN,1101010025,Bank and Cash,l10n_cl_mega.cl_chart_template,
l10n_cl_mega.1101010030,BCO. CHILE PPAL.LA,1101010030,Bank and Cash,l10n_cl_mega.cl_chart_template,
l10n_cl_mega.1101010031,BCO CHILE.ENTRADA LA,1101010031,Bank and Cash,l10n_cl_mega.cl_chart_template,
l10n_cl_mega.1101010032,BCO.CHILE.SALIDAS LA,1101010032,Bank and Cash,l10n_cl_mega.cl_chart_template,
l10n_cl_mega.1101010033,BCO.CHILE O/CARGO LA,1101010033,Bank and Cash,l10n_cl_mega.cl_chart_template,
l10n_cl_mega.1101010034,BCO.CHILEO/ABONOS LA,1101010034,Bank and Cash,l10n_cl_mega.cl_chart_template,
l10n_cl_mega.1101010035,BCO.CHILE TRANSF. LA,1101010035,Bank and Cash,l10n_cl_mega.cl_chart_template,
l10n_cl_mega.1101010040,BCO.CHILE PPAL.USD,1101010040,Bank and Cash,l10n_cl_mega.cl_chart_template,
l10n_cl_mega.1101010041,BCO.CHILE.ENTRAD USD,1101010041,Bank and Cash,l10n_cl_mega.cl_chart_template,
l10n_cl_mega.1101010042,BCO.CHILE.SALIDA USD,1101010042,Bank and Cash,l10n_cl_mega.cl_chart_template,
l10n_cl_mega.1101010043,BCO.CHILE O/CARG.USD,1101010043,Bank and Cash,l10n_cl_mega.cl_chart_template,
l10n_cl_mega.1101010044,BCO.CHILE O/ABO. USD,1101010044,Bank and Cash,l10n_cl_mega.cl_chart_template,
l10n_cl_mega.1101010045,BCO.CHILE TRANSF.USD,1101010045,Bank and Cash,l10n_cl_mega.cl_chart_template,
l10n_cl_mega.1101010050,BANCO BICE PPAL.,1101010050,Bank and Cash,l10n_cl_mega.cl_chart_template,
l10n_cl_mega.1101010051,BANCO BICE ENTRADASD,1101010051,Bank and Cash,l10n_cl_mega.cl_chart_template,
l10n_cl_mega.1101010052,BANCO BICE SALIDASSD,1101010052,Bank and Cash,l10n_cl_mega.cl_chart_template,
l10n_cl_mega.1101010053,BCO. BICE OT. CARGSD,1101010053,Bank and Cash,l10n_cl_mega.cl_chart_template,
l10n_cl_mega.1101010054,BCO BICE OTROS ABOSD,1101010054,Bank and Cash,l10n_cl_mega.cl_chart_template,
l10n_cl_mega.1101010055,BANCO BICE TRANSF.SD,1101010055,Bank and Cash,l10n_cl_mega.cl_chart_template,
l10n_cl_mega.1101010060,BANCO SCOT PPAL.,1101010060,Bank and Cash,l10n_cl_mega.cl_chart_template,
l10n_cl_mega.1101010061,BANCO SCOTIA ENTRADA,1101010061,Bank and Cash,l10n_cl_mega.cl_chart_template,
l10n_cl_mega.1101010062,BANCO SCOTIA SALIDAS,1101010062,Bank and Cash,l10n_cl_mega.cl_chart_template,
l10n_cl_mega.1101010063,BCO. SCOTIA OT. CARG,1101010063,Bank and Cash,l10n_cl_mega.cl_chart_template,
l10n_cl_mega.1101010064,BCO SCOT OTROS ABO,1101010064,Bank and Cash,l10n_cl_mega.cl_chart_template,
l10n_cl_mega.1101010065,BANCO SCOTIA TRANSF.,1101010065,Bank and Cash,l10n_cl_mega.cl_chart_template,
l10n_cl_mega.1101010070,BANCO ESTADO PPAL.,1101010070,Bank and Cash,l10n_cl_mega.cl_chart_template,
l10n_cl_mega.1101010071,BANCO ESTADO ENTRADA,1101010071,Bank and Cash,l10n_cl_mega.cl_chart_template,
l10n_cl_mega.1101010072,BANCO ESTADO SALIDAS,1101010072,Bank and Cash,l10n_cl_mega.cl_chart_template,
l10n_cl_mega.1101010073,BCO. ESTADO OT. CARG,1101010073,Bank and Cash,l10n_cl_mega.cl_chart_template,
l10n_cl_mega.1101010074,BCO ESTADO OT. ABOSD,1101010074,Bank and Cash,l10n_cl_mega.cl_chart_template,
l10n_cl_mega.1101010075,BANCO ESTADO TRANSF.,1101010075,Bank and Cash,l10n_cl_mega.cl_chart_template,
l10n_cl_mega.1101010080,BCO.BBVA PPAL.,1101010080,Bank and Cash,l10n_cl_mega.cl_chart_template,
l10n_cl_mega.1101010081,BCO.BBVA.ENTRADA,1101010081,Bank and Cash,l10n_cl_mega.cl_chart_template,
l10n_cl_mega.1101010082,BCO.BBVA.SALIDA,1101010082,Bank and Cash,l10n_cl_mega.cl_chart_template,
l10n_cl_mega.1101010083,BCO. BBVA O/CARG.USD,1101010083,Bank and Cash,l10n_cl_mega.cl_chart_template,
l10n_cl_mega.1101010084,BCO.BBVA O/ABONOS,1101010084,Bank and Cash,l10n_cl_mega.cl_chart_template,
l10n_cl_mega.1101010085,BCO.BBVA TRANSFERENC,1101010085,Bank and Cash,l10n_cl_mega.cl_chart_template,
l10n_cl_mega.1101010090,BCO.CORPBANCA PPAL.,1101010090,Bank and Cash,l10n_cl_mega.cl_chart_template,
l10n_cl_mega.1101010091,BCO.CORPBANC ENTRADA,1101010091,Bank and Cash,l10n_cl_mega.cl_chart_template,
l10n_cl_mega.1101010092,BCO.CORPBANCASALIDA,1101010092,Bank and Cash,l10n_cl_mega.cl_chart_template,
l10n_cl_mega.1101010093,BCO. CORPBANC O/CARG,1101010093,Bank and Cash,l10n_cl_mega.cl_chart_template,
l10n_cl_mega.1101010094,BCO.CORPBAN O/ABONOS,1101010094,Bank and Cash,l10n_cl_mega.cl_chart_template,
l10n_cl_mega.1101010095,BCO.CORP TRANSFERENC,1101010095,Bank and Cash,l10n_cl_mega.cl_chart_template,
l10n_cl_mega.1101010100,BANCO STDER USD PPAL,1101010100,Bank and Cash,l10n_cl_mega.cl_chart_template,
l10n_cl_mega.1101010101,BCO.STDER.ENTRAD USD,1101010101,Bank and Cash,l10n_cl_mega.cl_chart_template,
l10n_cl_mega.1101010102,BCO.STDER.SALIDA USD,1101010102,Bank and Cash,l10n_cl_mega.cl_chart_template,
l10n_cl_mega.1101010103,BCO.STDER O/CAR.USD,1101010103,Bank and Cash,l10n_cl_mega.cl_chart_template,
l10n_cl_mega.1101010104,BCO.STDER O/ABO. USD,1101010104,Bank and Cash,l10n_cl_mega.cl_chart_template,
l10n_cl_mega.1101010105,BCO.STDER TRANSF.USD,1101010105,Bank and Cash,l10n_cl_mega.cl_chart_template,
l10n_cl_mega.1101010110,BANCO CHILE CTA.2,1101010110,Bank and Cash,l10n_cl_mega.cl_chart_template,
l10n_cl_mega.1101010160,BCO.SEURITY PPAL.,1101010160,Bank and Cash,l10n_cl_mega.cl_chart_template,
l10n_cl_mega.1101010161,BCO.SECURITY CTA.ENT,1101010161,Bank and Cash,l10n_cl_mega.cl_chart_template,
l10n_cl_mega.1101010162,BCO.SECURITY SALIDAS,1101010162,Bank and Cash,l10n_cl_mega.cl_chart_template,
l10n_cl_mega.1101010163,BCO. SECURITY O.CARG,1101010163,Bank and Cash,l10n_cl_mega.cl_chart_template,
l10n_cl_mega.1101010164,BCO.SECURITY O.ABONO,1101010164,Bank and Cash,l10n_cl_mega.cl_chart_template,
l10n_cl_mega.1101010165,BCO. SECURITY TRANSF,1101010165,Bank and Cash,l10n_cl_mega.cl_chart_template,
l10n_cl_mega.1101010170,BCO. ITAU PPAL.,1101010170,Bank and Cash,l10n_cl_mega.cl_chart_template,
l10n_cl_mega.1101010171,BCO.ITAU ENTRADA,1101010171,Bank and Cash,l10n_cl_mega.cl_chart_template,
l10n_cl_mega.1101010172,BCO.ITAU SALIDAS,1101010172,Bank and Cash,l10n_cl_mega.cl_chart_template,
l10n_cl_mega.1101010173,BCO. ITAU OT. CARG,1101010173,Bank and Cash,l10n_cl_mega.cl_chart_template,
l10n_cl_mega.1101010174,BCO ITAU OTROS ABO,1101010174,Bank and Cash,l10n_cl_mega.cl_chart_template,
l10n_cl_mega.1101010175,BCO.ITAU TRANSF.,1101010175,Bank and Cash,l10n_cl_mega.cl_chart_template,
l10n_cl_mega.1101010200,BANCO SCOT PPAL.USD,1101010200,Bank and Cash,l10n_cl_mega.cl_chart_template,
l10n_cl_mega.1101010201,BCO.SCOTI.ENTRAD USD,1101010201,Bank and Cash,l10n_cl_mega.cl_chart_template,
l10n_cl_mega.1101010202,BCO.SCOTI.SALIDA USD,1101010202,Bank and Cash,l10n_cl_mega.cl_chart_template,
l10n_cl_mega.1101010203,BCO.SCOTI USD CARGOS,1101010203,Bank and Cash,l10n_cl_mega.cl_chart_template,
l10n_cl_mega.1101010204,BCO.SCOTI USD ABONOS,1101010204,Bank and Cash,l10n_cl_mega.cl_chart_template,
l10n_cl_mega.1101010205,BCO.SCOTI USD TRANSF,1101010205,Bank and Cash,l10n_cl_mega.cl_chart_template,
l10n_cl_mega.1101010290,BCO.SEURITY PPAL.USD,1101010290,Bank and Cash,l10n_cl_mega.cl_chart_template,
l10n_cl_mega.1101010291,BCO.SECURITY ENT.USD,1101010291,Bank and Cash,l10n_cl_mega.cl_chart_template,
l10n_cl_mega.1101010292,BCO.SECURITY SAL.USD,1101010292,Bank and Cash,l10n_cl_mega.cl_chart_template,
l10n_cl_mega.1101010293,BCO.SECURITY O.C.USD,1101010293,Bank and Cash,l10n_cl_mega.cl_chart_template,
l10n_cl_mega.1101010294,BCO.SECURITY O.AB.US,1101010294,Bank and Cash,l10n_cl_mega.cl_chart_template,
l10n_cl_mega.1101010295,BCO.SECURITY TRA.USD,1101010295,Bank and Cash,l10n_cl_mega.cl_chart_template,
l10n_cl_mega.1101010400,BCO.SEURITY PPAL.EUR,1101010400,Bank and Cash,l10n_cl_mega.cl_chart_template,
l10n_cl_mega.1101010401,BCO.SECURITY ENT.EUR,1101010401,Bank and Cash,l10n_cl_mega.cl_chart_template,
l10n_cl_mega.1101010402,BCO.SECURITY SAL.EUR,1101010402,Bank and Cash,l10n_cl_mega.cl_chart_template,
l10n_cl_mega.1101010403,BCO.SECURITY O.C.EUR,1101010403,Bank and Cash,l10n_cl_mega.cl_chart_template,
l10n_cl_mega.1101010404,BCO.SECURITY O.AB.EU,1101010404,Bank and Cash,l10n_cl_mega.cl_chart_template,
l10n_cl_mega.1101010405,BCO.SECURITY TRA.EUR,1101010405,Bank and Cash,l10n_cl_mega.cl_chart_template,
l10n_cl_mega.1101010490,BCO.SEURITY PPAL.,1101010490,Bank and Cash,l10n_cl_mega.cl_chart_template,
l10n_cl_mega.1101010491,BCO.SECURITY CTA.ENT,1101010491,Bank and Cash,l10n_cl_mega.cl_chart_template,
l10n_cl_mega.1101010492,BCO.SECURITY SALIDAS,1101010492,Bank and Cash,l10n_cl_mega.cl_chart_template,
l10n_cl_mega.1101010493,BCO. SECURITY O.CARG,1101010493,Bank and Cash,l10n_cl_mega.cl_chart_template,
l10n_cl_mega.1101010494,BCO.SECURITY O.ABONO,1101010494,Bank and Cash,l10n_cl_mega.cl_chart_template,
l10n_cl_mega.1101010495,BCO. SECURITY TRANSF,1101010495,Bank and Cash,l10n_cl_mega.cl_chart_template,
l10n_cl_mega.1101010510,BCO.SEURITY PPAL.USD,1101010510,Bank and Cash,l10n_cl_mega.cl_chart_template,
l10n_cl_mega.1101010511,BCO.SECURITY ENT.USD,1101010511,Bank and Cash,l10n_cl_mega.cl_chart_template,
l10n_cl_mega.1101010512,BCO.SECURITY SAL.USD,1101010512,Bank and Cash,l10n_cl_mega.cl_chart_template,
l10n_cl_mega.1101010513,BCO.SECURITY O.C.USD,1101010513,Bank and Cash,l10n_cl_mega.cl_chart_template,
l10n_cl_mega.1101010514,BCO.SECURITY O.AB.US,1101010514,Bank and Cash,l10n_cl_mega.cl_chart_template,
l10n_cl_mega.1101010515,BCO.SECURITY TRA.USD,1101010515,Bank and Cash,l10n_cl_mega.cl_chart_template,
l10n_cl_mega.1101010520,BCO.SEURITY PPAL.EUR,1101010520,Bank and Cash,l10n_cl_mega.cl_chart_template,
l10n_cl_mega.1101010521,BCO.SECURITY ENT.EUR,1101010521,Bank and Cash,l10n_cl_mega.cl_chart_template,
l10n_cl_mega.1101010523,BCO.SECURITY SAL.EUR,1101010523,Bank and Cash,l10n_cl_mega.cl_chart_template,
l10n_cl_mega.1101010524,BCO.SECURITY O.AB.EU,1101010524,Bank and Cash,l10n_cl_mega.cl_chart_template,
l10n_cl_mega.1101010525,BCO.SECURITY TRA.EUR,1101010525,Bank and Cash,l10n_cl_mega.cl_chart_template,
l10n_cl_mega.1101010710,BANCO B.C.I.Ppal.II,1101010710,Bank and Cash,l10n_cl_mega.cl_chart_template,
l10n_cl_mega.1101010711,BANCO B.C.I. ENT.II,1101010711,Bank and Cash,l10n_cl_mega.cl_chart_template,
l10n_cl_mega.1101010712,BANCO B.C.I. SAL.II,1101010712,Bank and Cash,l10n_cl_mega.cl_chart_template,
l10n_cl_mega.1101010713,BCO. B.C.I. O.CAR.II,1101010713,Bank and Cash,l10n_cl_mega.cl_chart_template,
l10n_cl_mega.1101010714,BCO B.C.I. O.ABO.II,1101010714,Bank and Cash,l10n_cl_mega.cl_chart_template,
l10n_cl_mega.1101010715,BANCO B.C.I.TRANS.II,1101010715,Bank and Cash,l10n_cl_mega.cl_chart_template,
l10n_cl_mega.1102000001,DEPOSITOS A PLAZO,1102000001,Bank and Cash,l10n_cl_mega.cl_chart_template,
l10n_cl_mega.1102000002,DEP.A PLAZO M.NAC.RE,1102000002,Bank and Cash,l10n_cl_mega.cl_chart_template,
l10n_cl_mega.1102000003,DEP.A PLAZO M.NAC.NO,1102000003,Bank and Cash,l10n_cl_mega.cl_chart_template,
l10n_cl_mega.1102000100,DEPOSITO PLAZO MONEX,1102000100,Bank and Cash,l10n_cl_mega.cl_chart_template,
l10n_cl_mega.1102000199,DIF.C.DEP.PLAZ. M/E,1102000199,Bank and Cash,l10n_cl_mega.cl_chart_template,
l10n_cl_mega.1102000200,O.ACT.FIN.A VAL.RAZO,1102000200,Bank and Cash,l10n_cl_mega.cl_chart_template,
l10n_cl_mega.1103000000,FONDO MUTUOS,1103000000,Bank and Cash,l10n_cl_mega.cl_chart_template,
l10n_cl_mega.1103000010,FONDO MUTUOS USD,1103000010,Bank and Cash,l10n_cl_mega.cl_chart_template,
l10n_cl_mega.1103000020,FONDO MUTUOS EUROS,1103000020,Bank and Cash,l10n_cl_mega.cl_chart_template,
l10n_cl_mega.1103000100,VALORES NEGOCIABLES,1103000100,Bank and Cash,l10n_cl_mega.cl_chart_template,
l10n_cl_mega.1103000200,ACCIONES,1103000200,Bank and Cash,l10n_cl_mega.cl_chart_template,
l10n_cl_mega.1103000300,INVERS.EN EL EXTRANJ,1103000300,Bank and Cash,l10n_cl_mega.cl_chart_template,
l10n_cl_mega.1103000500,INVERSION EXTRANJERA,1103000500,Bank and Cash,l10n_cl_mega.cl_chart_template,
l10n_cl_mega.1104000100,DEUDORES VTA NACIONA,1104000100,Receivable,l10n_cl_mega.cl_chart_template,1
l10n_cl_mega.1104000101,PROV.CLI.INCOB.NACIO,1104000101,Receivable,l10n_cl_mega.cl_chart_template,1
l10n_cl_mega.1104000110,BOLETAS NACIONALES,1104000110,Receivable,l10n_cl_mega.cl_chart_template,1
l10n_cl_mega.1104000120,CUENTAS NN,1104000120,Receivable,l10n_cl_mega.cl_chart_template,1
l10n_cl_mega.1104000150,PUBLIC.EXHI.X FACTUR,1104000150,Receivable,l10n_cl_mega.cl_chart_template,1
l10n_cl_mega.1104000199,CRED.DEUD.NAC.REGUL.,1104000199,Receivable,l10n_cl_mega.cl_chart_template,1
l10n_cl_mega.1104000200,DEUDORES VTA.EXTRANJ,1104000200,Receivable,l10n_cl_mega.cl_chart_template,1
l10n_cl_mega.1104000210,CRED.DEUD.EXTR.CPD,1104000210,Receivable,l10n_cl_mega.cl_chart_template,1
l10n_cl_mega.1104000220,CLIENTES INCOBRABLES,1104000220,Receivable,l10n_cl_mega.cl_chart_template,1
l10n_cl_mega.1104000299,D/C CLIENTES EXTRANJ,1104000299,Receivable,l10n_cl_mega.cl_chart_template,1
l10n_cl_mega.1104000500,CLIENTES POR FACTURA,1104000500,Receivable,l10n_cl_mega.cl_chart_template,1
l10n_cl_mega.1104000900,PROVISION INCOBRABLE,1104000900,Receivable,l10n_cl_mega.cl_chart_template,1
l10n_cl_mega.1105000100,RETENCION GARANTIA,1105000100,Receivable,l10n_cl_mega.cl_chart_template,1
l10n_cl_mega.1105000200,BOLETA DE GARANTIA,1105000200,Receivable,l10n_cl_mega.cl_chart_template,1
l10n_cl_mega.1105000210,INTER P/COBR. B.GTIA,1105000210,Receivable,l10n_cl_mega.cl_chart_template,1
l10n_cl_mega.1105000300,DOCUMENTO POR COBRAR,1105000300,Receivable,l10n_cl_mega.cl_chart_template,1
l10n_cl_mega.1105000310,CHEQUES PROTESTADOS,1105000310,Receivable,l10n_cl_mega.cl_chart_template,1
l10n_cl_mega.1105000320,DOC.COBRANZA JUDICIA,1105000320,Receivable,l10n_cl_mega.cl_chart_template,1
l10n_cl_mega.1105000330,DOC.ENTREG GARANTIAA,1105000330,Receivable,l10n_cl_mega.cl_chart_template,1
l10n_cl_mega.1105000400,LETRAS EN CARTERA,1105000400,Receivable,l10n_cl_mega.cl_chart_template,1
l10n_cl_mega.1105000500,NOTA DE COBRO,1105000500,Receivable,l10n_cl_mega.cl_chart_template,1
l10n_cl_mega.1106000000,OTROS DEUDORES,1106000000,Receivable,l10n_cl_mega.cl_chart_template,1
l10n_cl_mega.1106000004,ANTICIPO REMUNERAC.,1106000004,Receivable,l10n_cl_mega.cl_chart_template,1
l10n_cl_mega.1106000007,PRESTAMO EMPRESA,1106000007,Receivable,l10n_cl_mega.cl_chart_template,1
l10n_cl_mega.1106000010,ANTICIPO REMUNERAC.,1106000010,Receivable,l10n_cl_mega.cl_chart_template,1
l10n_cl_mega.1106000015,OTROS ANTIC.AL PERSO,1106000015,Receivable,l10n_cl_mega.cl_chart_template,1
l10n_cl_mega.1106000020,CTA. CTE. PERSONAL,1106000020,Receivable,l10n_cl_mega.cl_chart_template,1
l10n_cl_mega.1106000030,FONDOS POR RENDIR,1106000030,Receivable,l10n_cl_mega.cl_chart_template,1
l10n_cl_mega.1106000035,FONDOS X RENDIR EXTR,1106000035,Receivable,l10n_cl_mega.cl_chart_template,1
l10n_cl_mega.1106000040,CTA X COBRAR EVENTOS,1106000040,Receivable,l10n_cl_mega.cl_chart_template,1
l10n_cl_mega.1106000050,ANTICIPO PROVEEDORES,1106000050,Receivable,l10n_cl_mega.cl_chart_template,1
l10n_cl_mega.1106000052,RECLAMOS,1106000052,Receivable,l10n_cl_mega.cl_chart_template,1
l10n_cl_mega.1106000053,ANTICIPO PROV.EXTRAN,1106000053,Receivable,l10n_cl_mega.cl_chart_template,1
l10n_cl_mega.1106000199,DIF.C.F.A RENDIR EXT,1106000199,Receivable,l10n_cl_mega.cl_chart_template,1
l10n_cl_mega.1106000299,DIF.C.ANT.PROV.EXTRA,1106000299,Receivable,l10n_cl_mega.cl_chart_template,1
l10n_cl_mega.1107000000,DOC.CTA.X COBRAR REL,1107000000,Receivable,l10n_cl_mega.cl_chart_template,1
l10n_cl_mega.1107000001,PROV.CTAS.INCOBR.EER,1107000001,Receivable,l10n_cl_mega.cl_chart_template,1
l10n_cl_mega.1107000002,CUENTAS NN,1107000002,Receivable,l10n_cl_mega.cl_chart_template,1
l10n_cl_mega.1107000003,CXC SOTRASER S.A.,1107000003,Receivable,l10n_cl_mega.cl_chart_template,1
l10n_cl_mega.1107000004,CXC SOTRASER LOGISTI,1107000004,Receivable,l10n_cl_mega.cl_chart_template,1
l10n_cl_mega.1107000005,CUENTAS NN,1107000005,Receivable,l10n_cl_mega.cl_chart_template,1
l10n_cl_mega.1107000006,CUENTAS NN,1107000006,Receivable,l10n_cl_mega.cl_chart_template,1
l10n_cl_mega.1107000007,CUENTAS NN,1107000007,Receivable,l10n_cl_mega.cl_chart_template,1
l10n_cl_mega.1107000008,CUENTAS NN,1107000008,Receivable,l10n_cl_mega.cl_chart_template,1
l10n_cl_mega.1107000009,CUENTAS NN,1107000009,Receivable,l10n_cl_mega.cl_chart_template,1
l10n_cl_mega.1107000010,CUENTAS NN,1107000010,Receivable,l10n_cl_mega.cl_chart_template,1
l10n_cl_mega.1107000011,CUENTAS NN,1107000011,Receivable,l10n_cl_mega.cl_chart_template,1
l10n_cl_mega.1107000012,CXC AGRIC. ANCALI L,1107000012,Receivable,l10n_cl_mega.cl_chart_template,1
l10n_cl_mega.1107000013,CXC BINDER S.A.,1107000013,Receivable,l10n_cl_mega.cl_chart_template,1
l10n_cl_mega.1107000014,CXC SOTR LOG LTDA,1107000014,Receivable,l10n_cl_mega.cl_chart_template,1
l10n_cl_mega.1107000100,CRED.DEUD.EMPR.PROX.,1107000100,Receivable,l10n_cl_mega.cl_chart_template,1
l10n_cl_mega.1107000200,CTAS.X COBRAR MEGA,1107000200,Receivable,l10n_cl_mega.cl_chart_template,1
l10n_cl_mega.1108000000,PAGOS PROV.MENSUALES,1108000000,Current Assets,l10n_cl_mega.cl_chart_template,
l10n_cl_mega.1108000010,CREDITO CAPAC.SENCE,1108000010,Current Assets,l10n_cl_mega.cl_chart_template,
l10n_cl_mega.1108000020,OTROS IMPTOS X RECUP,1108000020,Current Assets,l10n_cl_mega.cl_chart_template,
l10n_cl_mega.1108000030,CTA DE RESPONSABILID,1108000030,Current Assets,l10n_cl_mega.cl_chart_template,
l10n_cl_mega.1108010001,IVA CREDITO FISCAL,1108010001,Current Assets,l10n_cl_mega.cl_chart_template,
l10n_cl_mega.1108010002,IMPUESTO A COMBUSTIB,1108010002,Current Assets,l10n_cl_mega.cl_chart_template,
l10n_cl_mega.1109000001,MERCADERIAS,1109000001,Current Assets,l10n_cl_mega.cl_chart_template,
l10n_cl_mega.1109000002,MATERIAS PRIMAS,1109000002,Current Assets,l10n_cl_mega.cl_chart_template,
l10n_cl_mega.1109000003,MATERIAS PRIMAS 2,1109000003,Current Assets,l10n_cl_mega.cl_chart_template,
l10n_cl_mega.1109000004,MATERIALES AUXILIARE,1109000004,Current Assets,l10n_cl_mega.cl_chart_template,
l10n_cl_mega.1109000005,MAT.EXPLOTACION,1109000005,Current Assets,l10n_cl_mega.cl_chart_template,
l10n_cl_mega.1109000006,PIEZAS DE RECAMBIO,1109000006,Current Assets,l10n_cl_mega.cl_chart_template,
l10n_cl_mega.1109000007,MATERIAL EMBALAJE,1109000007,Current Assets,l10n_cl_mega.cl_chart_template,
l10n_cl_mega.1109000008,STOCK ENVASES,1109000008,Current Assets,l10n_cl_mega.cl_chart_template,
l10n_cl_mega.1109000009,STOCK EN TRASLADO,1109000009,Current Assets,l10n_cl_mega.cl_chart_template,
l10n_cl_mega.1109000010,SERVICIOS NO LIQUID.,1109000010,Current Assets,l10n_cl_mega.cl_chart_template,
l10n_cl_mega.1109000011,STOCKS SUBCONTRAT.,1109000011,Current Assets,l10n_cl_mega.cl_chart_template,
l10n_cl_mega.1109000020,EXISTENCIA MERMAS,1109000020,Current Assets,l10n_cl_mega.cl_chart_template,
l10n_cl_mega.1109000099,ENTR.INICIAL STOCKS,1109000099,Current Assets,l10n_cl_mega.cl_chart_template,
l10n_cl_mega.1109010000,PRODUCTOS TERMINADOS,1109010000,Current Assets,l10n_cl_mega.cl_chart_template,
l10n_cl_mega.1109010001,PRODUCTOS TERMINADOS,1109010001,Current Assets,l10n_cl_mega.cl_chart_template,
l10n_cl_mega.1109010002,PRODUCTOS TERMINADOS,1109010002,Current Assets,l10n_cl_mega.cl_chart_template,
l10n_cl_mega.1109020000,PRODUCTOS EN PROCESO,1109020000,Current Assets,l10n_cl_mega.cl_chart_template,
l10n_cl_mega.1109020001,PRODUCTOS EN PROCESO,1109020001,Current Assets,l10n_cl_mega.cl_chart_template,
l10n_cl_mega.1109020002,PRODUCTOS EN PROCESO,1109020002,Current Assets,l10n_cl_mega.cl_chart_template,
l10n_cl_mega.1109030000,PROD.SEMITERMINADOS,1109030000,Current Assets,l10n_cl_mega.cl_chart_template,
l10n_cl_mega.1109090900,TRASPASO EXIST.PP,1109090900,Current Assets,l10n_cl_mega.cl_chart_template,
l10n_cl_mega.1110000000,GASTOS ANTICIPADO,1110000000,Current Assets,l10n_cl_mega.cl_chart_template,
l10n_cl_mega.1110000001,ARRIENDOS ANTICIPADO,1110000001,Current Assets,l10n_cl_mega.cl_chart_template,
l10n_cl_mega.1110000004,O.GASTOS ANTICIPADOS,1110000004,Current Assets,l10n_cl_mega.cl_chart_template,
l10n_cl_mega.1110000050,SEGUROS VIGENTES,1110000050,Current Assets,l10n_cl_mega.cl_chart_template,
l10n_cl_mega.1110000060,PUBLIC.MEDIOS X DEVE,1110000060,Current Assets,l10n_cl_mega.cl_chart_template,
l10n_cl_mega.1110000100,ANTICIPO A PROVEEDOR,1110000100,Current Assets,l10n_cl_mega.cl_chart_template,
l10n_cl_mega.1110000120,ANTIC.PGDOS.AF INM.,1110000120,Current Assets,l10n_cl_mega.cl_chart_template,
l10n_cl_mega.1110000200,FONDOS POR RENDIR,1110000200,Current Assets,l10n_cl_mega.cl_chart_template,
l10n_cl_mega.1110000300,INT.DIF.LEASING C.P.,1110000300,Current Assets,l10n_cl_mega.cl_chart_template,
l10n_cl_mega.1110000310,INT.DIF.FACTORING CP,1110000310,Current Assets,l10n_cl_mega.cl_chart_template,
l10n_cl_mega.1110000400,SWAP/DERIVADO ACTIVO,1110000400,Current Assets,l10n_cl_mega.cl_chart_template,
l10n_cl_mega.1110000500,PERDIDA DIFERIDA SWA,1110000500,Current Assets,l10n_cl_mega.cl_chart_template,
l10n_cl_mega.1111000000,OTROS AC.CIRCULANTES,1111000000,Current Assets,l10n_cl_mega.cl_chart_template,
l10n_cl_mega.1111000100,PACTOS,1111000100,Current Assets,l10n_cl_mega.cl_chart_template,
l10n_cl_mega.1111000200,PACTOS REAJUSTABLES,1111000200,Current Assets,l10n_cl_mega.cl_chart_template,
l10n_cl_mega.1112000000,CONTRATOS DE LEASING,1112000000,Current Assets,l10n_cl_mega.cl_chart_template,
l10n_cl_mega.1113000000,ACTIVOS PARA LEASING,1113000000,Current Assets,l10n_cl_mega.cl_chart_template,
l10n_cl_mega.1115010000,IMPUESTOS DIFERIDOS,1115010000,Current Assets,l10n_cl_mega.cl_chart_template,
l10n_cl_mega.1120000000,MATERIAL FILMICO NAC,1120000000,Current Assets,l10n_cl_mega.cl_chart_template,
l10n_cl_mega.1120000010,MATERIAL FILMICO EXT,1120000010,Current Assets,l10n_cl_mega.cl_chart_template,
l10n_cl_mega.1120000020,PRODUCCIONES INTERNA,1120000020,Current Assets,l10n_cl_mega.cl_chart_template,
l10n_cl_mega.1120000030,PRODUCCIONES EXTERNA,1120000030,Current Assets,l10n_cl_mega.cl_chart_template,
l10n_cl_mega.1120000040,D° TRANSM.NACIONAL,1120000040,Current Assets,l10n_cl_mega.cl_chart_template,
l10n_cl_mega.1120000050,D° TRANSM.EXTRANJERA,1120000050,Current Assets,l10n_cl_mega.cl_chart_template,
l10n_cl_mega.1120000060,BASE IMPONIB.CTA PTE,1120000060,Current Assets,l10n_cl_mega.cl_chart_template,
l10n_cl_mega.1120000070,DERECHOS DE TRANSMIS,1120000070,Current Assets,l10n_cl_mega.cl_chart_template,
l10n_cl_mega.1120000080,PROD.INTERNAS HONORA,1120000080,Current Assets,l10n_cl_mega.cl_chart_template,
l10n_cl_mega.1120000090,PROD.INTERNAS REMUNE,1120000090,Current Assets,l10n_cl_mega.cl_chart_template,
l10n_cl_mega.1201000000,TERRENOS,1201000000,Fixed Assets,l10n_cl_mega.cl_chart_template,
l10n_cl_mega.1202000000,INSTALACIONES.,1202000000,Fixed Assets,l10n_cl_mega.cl_chart_template,
l10n_cl_mega.1202000100,CONSTRUCC.Y EDIFICIO,1202000100,Fixed Assets,l10n_cl_mega.cl_chart_template,
l10n_cl_mega.1203000000,MAQUINAS Y EQUIPOS,1203000000,Fixed Assets,l10n_cl_mega.cl_chart_template,
l10n_cl_mega.1203000001,MAQUINAS Y OTROS EQ,1203000001,Fixed Assets,l10n_cl_mega.cl_chart_template,
l10n_cl_mega.1203000002,HERRAMIENTAS,1203000002,Fixed Assets,l10n_cl_mega.cl_chart_template,
l10n_cl_mega.1204000000,MUEBLES Y ENSERES,1204000000,Fixed Assets,l10n_cl_mega.cl_chart_template,
l10n_cl_mega.1205000000,VEHICULOS,1205000000,Fixed Assets,l10n_cl_mega.cl_chart_template,
l10n_cl_mega.1205000001,VEHICULOS,1205000001,Fixed Assets,l10n_cl_mega.cl_chart_template,
l10n_cl_mega.1205000002,CAMIONES,1205000002,Fixed Assets,l10n_cl_mega.cl_chart_template,
l10n_cl_mega.1205000003,VEHICULOS EN TRANSIT,1205000003,Fixed Assets,l10n_cl_mega.cl_chart_template,
l10n_cl_mega.1205000004,REMOLQUES Y SEMIREMO,1205000004,Fixed Assets,l10n_cl_mega.cl_chart_template,
l10n_cl_mega.1206000000,HARDWARE Y EQ. COM.,1206000000,Fixed Assets,l10n_cl_mega.cl_chart_template,
l10n_cl_mega.1206000001,SOFTWARE COMPUTACION,1206000001,Fixed Assets,l10n_cl_mega.cl_chart_template,
l10n_cl_mega.1207000000,AF EN LEASING,1207000000,Fixed Assets,l10n_cl_mega.cl_chart_template,
l10n_cl_mega.1207000001,TRM - ACT.FIJOS EN L,1207000001,Fixed Assets,l10n_cl_mega.cl_chart_template,
l10n_cl_mega.1207000030,DERECHOS DE USO,1207000030,Fixed Assets,l10n_cl_mega.cl_chart_template,
l10n_cl_mega.1208000000,BIENES DE POCO VALOR,1208000000,Fixed Assets,l10n_cl_mega.cl_chart_template,
l10n_cl_mega.1208500000,MAYOR RETAS TEC AF,1208500000,Fixed Assets,l10n_cl_mega.cl_chart_template,
l10n_cl_mega.1209000000,OBRAS EN CURSO,1209000000,Fixed Assets,l10n_cl_mega.cl_chart_template,
l10n_cl_mega.1209000010,IMPORTACIONES EN TRA,1209000010,Fixed Assets,l10n_cl_mega.cl_chart_template,
l10n_cl_mega.1210000000,CUENTAS NN,1210000000,Fixed Assets,l10n_cl_mega.cl_chart_template,
l10n_cl_mega.1210000100,DEP. AC. EDIFICIOS,1210000100,Fixed Assets,l10n_cl_mega.cl_chart_template,
l10n_cl_mega.1210000102,DEP.AC.MAQ Y OTROS E,1210000102,Fixed Assets,l10n_cl_mega.cl_chart_template,
l10n_cl_mega.1210000200,DEP. AC. MAQ - EQ.,1210000200,Fixed Assets,l10n_cl_mega.cl_chart_template,
l10n_cl_mega.1210000201,DEP.ACUMULADA INSTAL,1210000201,Fixed Assets,l10n_cl_mega.cl_chart_template,
l10n_cl_mega.1210000202,DEP. ACUM HERRAMIENT,1210000202,Fixed Assets,l10n_cl_mega.cl_chart_template,
l10n_cl_mega.1210000300,DEP. AC. MUEBLES,1210000300,Fixed Assets,l10n_cl_mega.cl_chart_template,
l10n_cl_mega.1210000400,DEP. AC VEHICULOS,1210000400,Fixed Assets,l10n_cl_mega.cl_chart_template,
l10n_cl_mega.1210000401,DEP.ACUM.VEHICULOS,1210000401,Fixed Assets,l10n_cl_mega.cl_chart_template,
l10n_cl_mega.1210000402,DEP. ACUM CAMIONES,1210000402,Fixed Assets,l10n_cl_mega.cl_chart_template,
l10n_cl_mega.1210000403,DEP.ACUM.ACT.EX LEAS,1210000403,Fixed Assets,l10n_cl_mega.cl_chart_template,
l10n_cl_mega.1210000404,DEP. ACUM RE Y OTROS,1210000404,Fixed Assets,l10n_cl_mega.cl_chart_template,
l10n_cl_mega.1210000500,DEP. AC. HARDWARE,1210000500,Fixed Assets,l10n_cl_mega.cl_chart_template,
l10n_cl_mega.1210000501,DEP. AC. SOFTWARE CO,1210000501,Fixed Assets,l10n_cl_mega.cl_chart_template,
l10n_cl_mega.1210000600,DEP. AF LEASING,1210000600,Fixed Assets,l10n_cl_mega.cl_chart_template,
l10n_cl_mega.1210000700,DEP. AC. APV,1210000700,Fixed Assets,l10n_cl_mega.cl_chart_template,
l10n_cl_mega.1210000900,DEP.ACUM.DRCHO USO,1210000900,Fixed Assets,l10n_cl_mega.cl_chart_template,
l10n_cl_mega.1301000000,INV. EN EMP. RELAC.,1301000000,Non-current Assets,l10n_cl_mega.cl_chart_template,
l10n_cl_mega.1301000002,ARR.ANTICI.NO CORRIE,1301000002,Non-current Assets,l10n_cl_mega.cl_chart_template,
l10n_cl_mega.1302500000,INV. EN OTRAS SOC.,1302500000,Non-current Assets,l10n_cl_mega.cl_chart_template,
l10n_cl_mega.1302600000,MENOR VALOR DE INV.,1302600000,Non-current Assets,l10n_cl_mega.cl_chart_template,
l10n_cl_mega.1302700000,MAYOR VALOR DE INV.,1302700000,Non-current Assets,l10n_cl_mega.cl_chart_template,
l10n_cl_mega.1302700006,PLUSVALIA,1302700006,Non-current Assets,l10n_cl_mega.cl_chart_template,
l10n_cl_mega.1303000000,DEUDORES A LARGO PLA,1303000000,Non-current Assets,l10n_cl_mega.cl_chart_template,
l10n_cl_mega.1303000010,BOL GTIA ENTREG LP,1303000010,Non-current Assets,l10n_cl_mega.cl_chart_template,
l10n_cl_mega.1303500000,CTAS COBRAR EMP REL,1303500000,Non-current Assets,l10n_cl_mega.cl_chart_template,
l10n_cl_mega.1303500010,CTAS COBRAR REL.NO C,1303500010,Non-current Assets,l10n_cl_mega.cl_chart_template,
l10n_cl_mega.1303500100,INT.DIFER.LEAS.L/P,1303500100,Non-current Assets,l10n_cl_mega.cl_chart_template,
l10n_cl_mega.1304000000,INTANGIBLES,1304000000,Non-current Assets,l10n_cl_mega.cl_chart_template,
l10n_cl_mega.1304000001,DERECHO DE MARCA,1304000001,Non-current Assets,l10n_cl_mega.cl_chart_template,
l10n_cl_mega.1304000002,ARRIENDO EN GARANTIA,1304000002,Non-current Assets,l10n_cl_mega.cl_chart_template,
l10n_cl_mega.1304000003,PROY.DE INNOVACION,1304000003,Non-current Assets,l10n_cl_mega.cl_chart_template,
l10n_cl_mega.1304000007,MAT.FILM.EXT.NO CTE.,1304000007,Non-current Assets,l10n_cl_mega.cl_chart_template,
l10n_cl_mega.1304000010,INTANGIBLES,1304000010,Non-current Assets,l10n_cl_mega.cl_chart_template,
l10n_cl_mega.1304010000,LIC. MANT. DE SOFT.,1304010000,Non-current Assets,l10n_cl_mega.cl_chart_template,
l10n_cl_mega.1304020000,PATENTES,1304020000,Non-current Assets,l10n_cl_mega.cl_chart_template,
l10n_cl_mega.1305000000,CUENTAS NN,1305000000,Non-current Assets,l10n_cl_mega.cl_chart_template,
l10n_cl_mega.1306000000,AMORTIZACION,1306000000,Non-current Assets,l10n_cl_mega.cl_chart_template,
l10n_cl_mega.1306010000,AM LIC DE MANT SOFT.,1306010000,Non-current Assets,l10n_cl_mega.cl_chart_template,
l10n_cl_mega.1306020000,AMORT. PATENTES,1306020000,Non-current Assets,l10n_cl_mega.cl_chart_template,
l10n_cl_mega.1308000000,OTROS ACTIVOS L/P,1308000000,Non-current Assets,l10n_cl_mega.cl_chart_template,
l10n_cl_mega.1308010000,IMPTOS DIFERIDOS LP,1308010000,Non-current Assets,l10n_cl_mega.cl_chart_template,
l10n_cl_mega.1310000000,CONTRATOS LEASING LP,1310000000,Non-current Assets,l10n_cl_mega.cl_chart_template,
l10n_cl_mega.1900000001,CUENTA COMPENSATORIA,1900000001,Non-current Assets,l10n_cl_mega.cl_chart_template,
l10n_cl_mega.2101000000,PREST.ENT.CRED.RDV<1,2101000000,Current Liabilities,l10n_cl_mega.cl_chart_template,
l10n_cl_mega.2101500000,OBL CON INT. FIN LP,2101500000,Current Liabilities,l10n_cl_mega.cl_chart_template,
l10n_cl_mega.2101500001,O BCO P BCO CH 1 C/P,2101500001,Current Liabilities,l10n_cl_mega.cl_chart_template,
l10n_cl_mega.2101500002,O BCO P BCO CH 2 C/P,2101500002,Current Liabilities,l10n_cl_mega.cl_chart_template,
l10n_cl_mega.2101500003,O BCO P BCO CH 3 C/P,2101500003,Current Liabilities,l10n_cl_mega.cl_chart_template,
l10n_cl_mega.2101500004,O BCO P BCO CH 4 C/P,2101500004,Current Liabilities,l10n_cl_mega.cl_chart_template,
l10n_cl_mega.2101500006,OBLIG.PTMO BANCO C/P,2101500006,Current Liabilities,l10n_cl_mega.cl_chart_template,
l10n_cl_mega.2101500008,OBLIG.POR OP.FACTORI,2101500008,Current Liabilities,l10n_cl_mega.cl_chart_template,
l10n_cl_mega.2101500100,INTER.DIF.OBLIG. BCO,2101500100,Current Liabilities,l10n_cl_mega.cl_chart_template,
l10n_cl_mega.2101500101,INT D. BCO CH 1 C/P,2101500101,Current Liabilities,l10n_cl_mega.cl_chart_template,
l10n_cl_mega.2101500102,INT D. BCO CH 2 C/P,2101500102,Current Liabilities,l10n_cl_mega.cl_chart_template,
l10n_cl_mega.2101500103,INT D. BCO CH 3 C/P,2101500103,Current Liabilities,l10n_cl_mega.cl_chart_template,
l10n_cl_mega.2101500104,INT D. BCO CH 4 C/P,2101500104,Current Liabilities,l10n_cl_mega.cl_chart_template,
l10n_cl_mega.2101500106,INT.DEVENGADO,2101500106,Current Liabilities,l10n_cl_mega.cl_chart_template,
l10n_cl_mega.2101500107,SWAP/DERIVADO PASIVO,2101500107,Current Liabilities,l10n_cl_mega.cl_chart_template,
l10n_cl_mega.2101500108,INT.DEVENG.CP SWAP D,2101500108,Current Liabilities,l10n_cl_mega.cl_chart_template,
l10n_cl_mega.2101500109,INT DEV CP BOL GTIA,2101500109,Current Liabilities,l10n_cl_mega.cl_chart_template,
l10n_cl_mega.2101500110,INT DEV CP LEASING,2101500110,Current Liabilities,l10n_cl_mega.cl_chart_template,
l10n_cl_mega.2101500111,INT DEV CP FACTORING,2101500111,Current Liabilities,l10n_cl_mega.cl_chart_template,
l10n_cl_mega.2102000000,OBL. CON EL PUBLICO,2102000000,Current Liabilities,l10n_cl_mega.cl_chart_template,
l10n_cl_mega.2102500000,OBL PUB- PORC. CP,2102500000,Current Liabilities,l10n_cl_mega.cl_chart_template,
l10n_cl_mega.2102900000,OBLIG CP INST.NO BCO,2102900000,Current Liabilities,l10n_cl_mega.cl_chart_template,
l10n_cl_mega.2102900001,INT.DEV.C/P INST.N.B,2102900001,Current Liabilities,l10n_cl_mega.cl_chart_template,
l10n_cl_mega.2103000000,OBL CON VCTO. 1 AÑO,2103000000,Current Liabilities,l10n_cl_mega.cl_chart_template,
l10n_cl_mega.2103100000,OBLIG.DCHO USO CTE,2103100000,Current Liabilities,l10n_cl_mega.cl_chart_template,
l10n_cl_mega.2103200000,OBLG.DCHO USO NO CTE,2103200000,Current Liabilities,l10n_cl_mega.cl_chart_template,
l10n_cl_mega.2104000000,DIVIDENDOS POR PAGAR,2104000000,Payable,l10n_cl_mega.cl_chart_template,1
l10n_cl_mega.2105000000,CUENTAS POR PAGAR,2105000000,Payable,l10n_cl_mega.cl_chart_template,1
l10n_cl_mega.2105000001,CTAS POR PAGAR TRM,2105000001,Payable,l10n_cl_mega.cl_chart_template,1
l10n_cl_mega.2105001000,ACREEDORES NACIONAL,2105001000,Payable,l10n_cl_mega.cl_chart_template,1
l10n_cl_mega.2105001001,ACREEDORES EMP.RELAC,2105001001,Payable,l10n_cl_mega.cl_chart_template,1
l10n_cl_mega.2105001002,ACREEDORES NAC.1-5A,2105001002,Payable,l10n_cl_mega.cl_chart_template,1
l10n_cl_mega.2105001003,ACREEDORES NAC.>5 A,2105001003,Payable,l10n_cl_mega.cl_chart_template,1
l10n_cl_mega.2105001004,ACREEDOR EXT.REVALOR,2105001004,Payable,l10n_cl_mega.cl_chart_template,1
l10n_cl_mega.2105001010,PROVISION DE GASTOS,2105001010,Payable,l10n_cl_mega.cl_chart_template,1
l10n_cl_mega.2105001020,CTA.X PAGAR MEGA,2105001020,Payable,l10n_cl_mega.cl_chart_template,1
l10n_cl_mega.2105002000,ACREEDORES EXTRANJ.,2105002000,Payable,l10n_cl_mega.cl_chart_template,1
l10n_cl_mega.2105002001,ACREEDORES EXTR.CPD,2105002001,Payable,l10n_cl_mega.cl_chart_template,1
l10n_cl_mega.2105002002,ACREED.EXTRANJ.1-5A,2105002002,Payable,l10n_cl_mega.cl_chart_template,1
l10n_cl_mega.2105002003,ACREED.EXTRANJ.>5 A,2105002003,Payable,l10n_cl_mega.cl_chart_template,1
l10n_cl_mega.2105002004,ACREED.EXTR.(NO CTE),2105002004,Payable,l10n_cl_mega.cl_chart_template,1
l10n_cl_mega.2105002005,PROVISION DE VACAC,2105002005,Payable,l10n_cl_mega.cl_chart_template,1
l10n_cl_mega.2105002500,HONORARIOS POR PAGAR,2105002500,Payable,l10n_cl_mega.cl_chart_template,1
l10n_cl_mega.2105002501,REMUN. POR PAGAR,2105002501,Payable,l10n_cl_mega.cl_chart_template,1
l10n_cl_mega.2105002510,SEGUROS POR PAGAR,2105002510,Payable,l10n_cl_mega.cl_chart_template,1
l10n_cl_mega.2105003000,DEUDOR SLD.ACREEDOR,2105003000,Payable,l10n_cl_mega.cl_chart_template,1
l10n_cl_mega.2105003001,REG.ACREED.DIF.T/C,2105003001,Payable,l10n_cl_mega.cl_chart_template,1
l10n_cl_mega.2105005000,PROV.FILMICO NACIONA,2105005000,Payable,l10n_cl_mega.cl_chart_template,1
l10n_cl_mega.2105005010,PROV.FILMICO EXTRANJ,2105005010,Payable,l10n_cl_mega.cl_chart_template,1
l10n_cl_mega.2105005015,D/C PROV.FILM.EXTRAN,2105005015,Payable,l10n_cl_mega.cl_chart_template,1
l10n_cl_mega.2105005020,PROV.D° TRANSM.EXTRA,2105005020,Payable,l10n_cl_mega.cl_chart_template,1
l10n_cl_mega.2105005021,D/C PROV.D°TRANS.EXT,2105005021,Payable,l10n_cl_mega.cl_chart_template,1
l10n_cl_mega.2105005025,PROV.D° TRANSM.NACIO,2105005025,Payable,l10n_cl_mega.cl_chart_template,1
l10n_cl_mega.2105005030,DERECHOS POR PAGAR,2105005030,Payable,l10n_cl_mega.cl_chart_template,1
l10n_cl_mega.2105005040,RET.LEGALES X PAGAR,2105005040,Payable,l10n_cl_mega.cl_chart_template,1
l10n_cl_mega.2105005050,EMPLEADOS POR PAGAR,2105005050,Payable,l10n_cl_mega.cl_chart_template,1
l10n_cl_mega.2105005060,PROVEED.SIC Y COM.AG,2105005060,Payable,l10n_cl_mega.cl_chart_template,1
l10n_cl_mega.2105005070,PROV.ACT.FIJO X PAGA,2105005070,Payable,l10n_cl_mega.cl_chart_template,1
l10n_cl_mega.2105005080,PROV.SERVICIO X PAGA,2105005080,Payable,l10n_cl_mega.cl_chart_template,1
l10n_cl_mega.2105005085,PROV.AGENC.NOTIC.X P,2105005085,Payable,l10n_cl_mega.cl_chart_template,1
l10n_cl_mega.2105005090,PROV.MOVILIOZ X PAGA,2105005090,Payable,l10n_cl_mega.cl_chart_template,1
l10n_cl_mega.2105005095,CENTRALIZACIÓN VTAS,2105005095,Payable,l10n_cl_mega.cl_chart_template,1
l10n_cl_mega.2105005100,PROD.EXTERNA X PAGAR,2105005100,Payable,l10n_cl_mega.cl_chart_template,1
l10n_cl_mega.2106000000,OTROS DOCTOS X PAGAR,2106000000,Payable,l10n_cl_mega.cl_chart_template,1
l10n_cl_mega.2106000001,CAJA CHICA POR PAGAR,2106000001,Payable,l10n_cl_mega.cl_chart_template,1
l10n_cl_mega.2106000010,CUENTAS NN,2106000010,Payable,l10n_cl_mega.cl_chart_template,1
l10n_cl_mega.2106000020,CHEQUES CADUCADOS,2106000020,Payable,l10n_cl_mega.cl_chart_template,1
l10n_cl_mega.2107000000,ACREEDORES VARIOS,2107000000,Payable,l10n_cl_mega.cl_chart_template,1
l10n_cl_mega.2107000001,ACREED.DE CONSIGNA,2107000001,Payable,l10n_cl_mega.cl_chart_template,1
l10n_cl_mega.2107000002,ACREED.DE CONSIGNA,2107000002,Payable,l10n_cl_mega.cl_chart_template,1
l10n_cl_mega.2107000003,BOL.DE GTÍA RECIB CP,2107000003,Payable,l10n_cl_mega.cl_chart_template,1
l10n_cl_mega.2107000005,PROV.VARIOS PP,2107000005,Payable,l10n_cl_mega.cl_chart_template,1
l10n_cl_mega.2107000010,CUENTAS NN,2107000010,Payable,l10n_cl_mega.cl_chart_template,1
l10n_cl_mega.2107500000,ACREED.EMPR.AS.1-5A,2107500000,Payable,l10n_cl_mega.cl_chart_template,1
l10n_cl_mega.2107500014,CTAS X P SOTRASER LD,2107500014,Payable,l10n_cl_mega.cl_chart_template,1
l10n_cl_mega.2108000000,REGUL.VAL.GLB.CRED.,2108000000,Current Liabilities,l10n_cl_mega.cl_chart_template,
l10n_cl_mega.2108000001,FACTURAS POR RECIBIR,2108000001,Current Liabilities,l10n_cl_mega.cl_chart_template,
l10n_cl_mega.2108000002,PROVISIONES VARIAS,2108000002,Current Liabilities,l10n_cl_mega.cl_chart_template,
l10n_cl_mega.2108000003,COMP.EM/RF FAB.PROP.,2108000003,Current Liabilities,l10n_cl_mega.cl_chart_template,
l10n_cl_mega.2108000004,EM/RF:ENTR.N.REALIZ.,2108000004,Current Liabilities,l10n_cl_mega.cl_chart_template,
l10n_cl_mega.2108000005,EM/RF:ENTR.N.FACTUR.,2108000005,Current Liabilities,l10n_cl_mega.cl_chart_template,
l10n_cl_mega.2108000009,PROVISION VACACIONES,2108000009,Current Liabilities,l10n_cl_mega.cl_chart_template,
l10n_cl_mega.2108000010,COMPIVA SOP.ANT.EX.,2108000010,Current Liabilities,l10n_cl_mega.cl_chart_template,
l10n_cl_mega.2108000011,COMP.IMPTO.(ANTCLTE),2108000011,Current Liabilities,l10n_cl_mega.cl_chart_template,
l10n_cl_mega.2108000012,CTA CLEARING SOCBP01,2108000012,Current Liabilities,l10n_cl_mega.cl_chart_template,
l10n_cl_mega.2108000013,CTA CLEARING SOCBP0X,2108000013,Current Liabilities,l10n_cl_mega.cl_chart_template,
l10n_cl_mega.2108000020,COMPEN. ALTA DE AF,2108000020,Current Liabilities,l10n_cl_mega.cl_chart_template,
l10n_cl_mega.2108000021,COMPEN. ANTICIPOS AF,2108000021,Current Liabilities,l10n_cl_mega.cl_chart_template,
l10n_cl_mega.2108000040,PROVISIONES ANALITIC,2108000040,Current Liabilities,l10n_cl_mega.cl_chart_template,
l10n_cl_mega.2108000097,COMPEN. SALDO CERO,2108000097,Current Liabilities,l10n_cl_mega.cl_chart_template,
l10n_cl_mega.2108000098,COMPENSACION DIVISIO,2108000098,Current Liabilities,l10n_cl_mega.cl_chart_template,
l10n_cl_mega.2108000099,CORR.COMPENS.EM/RF,2108000099,Current Liabilities,l10n_cl_mega.cl_chart_template,
l10n_cl_mega.2108000100,PUBL.PERCIBIDA X ADE,2108000100,Current Liabilities,l10n_cl_mega.cl_chart_template,
l10n_cl_mega.2108000110,N.CRED.DEBITO X RECI,2108000110,Current Liabilities,l10n_cl_mega.cl_chart_template,
l10n_cl_mega.2108500000,IVA DEBITO FISCAL,2108500000,Current Liabilities,l10n_cl_mega.cl_chart_template,
l10n_cl_mega.2108500002,IVA RETENIDO TERCERO,2108500002,Current Liabilities,l10n_cl_mega.cl_chart_template,
l10n_cl_mega.2108500009,IMPUESTO ADICIONAL,2108500009,Current Liabilities,l10n_cl_mega.cl_chart_template,
l10n_cl_mega.2108500010,RETENC. IMPTO.2° CAT,2108500010,Current Liabilities,l10n_cl_mega.cl_chart_template,
l10n_cl_mega.2108500012,CUENTAS NN,2108500012,Current Liabilities,l10n_cl_mega.cl_chart_template,
l10n_cl_mega.2108500013,RET.IMPUESTO UNICO,2108500013,Current Liabilities,l10n_cl_mega.cl_chart_template,
l10n_cl_mega.2108500014,IMPTO FORM 29 PAGAR,2108500014,Current Liabilities,l10n_cl_mega.cl_chart_template,
l10n_cl_mega.2108500015,PPM POR PAGAR,2108500015,Current Liabilities,l10n_cl_mega.cl_chart_template,
l10n_cl_mega.2108500019,RETENCIONES JUDICIAL,2108500019,Current Liabilities,l10n_cl_mega.cl_chart_template,
l10n_cl_mega.2108500020,OTRAS RETENCIONES,2108500020,Current Liabilities,l10n_cl_mega.cl_chart_template,
l10n_cl_mega.2108500030,REMUNERAC. POR PAGAR,2108500030,Current Liabilities,l10n_cl_mega.cl_chart_template,
l10n_cl_mega.2110000000,PROV.FILMICOS EXTRAN,2110000000,Current Liabilities,l10n_cl_mega.cl_chart_template,
l10n_cl_mega.2113020000,PROV.IMPTO A L RENTA,2113020000,Current Liabilities,l10n_cl_mega.cl_chart_template,
l10n_cl_mega.2114000200,ACREED.LEASING C/PLA,2114000200,Current Liabilities,l10n_cl_mega.cl_chart_template,
l10n_cl_mega.2115000000,IMPUESTOS DIFERIDOS,2115000000,Current Liabilities,l10n_cl_mega.cl_chart_template,
l10n_cl_mega.2201000006,OBLIG.PTMO BANCO L/P,2201000006,Current Liabilities,l10n_cl_mega.cl_chart_template,
l10n_cl_mega.2201500000,CUENTAS NN,2201500000,Current Liabilities,l10n_cl_mega.cl_chart_template,
l10n_cl_mega.2203500000,ACREED.LEASING L/PLA,2203500000,Current Liabilities,l10n_cl_mega.cl_chart_template,
l10n_cl_mega.2204000010,BOL.DE GTÍA RECIB LP,2204000010,Current Liabilities,l10n_cl_mega.cl_chart_template,
l10n_cl_mega.2204000100,CUENTAS NN,2204000100,Current Liabilities,l10n_cl_mega.cl_chart_template,
l10n_cl_mega.2204500000,CTAS PAGAR EM REL LP,2204500000,Current Liabilities,l10n_cl_mega.cl_chart_template,
l10n_cl_mega.2205000020,O.PAS.FINAN.CORRIENT,2205000020,Current Liabilities,l10n_cl_mega.cl_chart_template,
l10n_cl_mega.2206000000,IMPTOS. DIFERIDOS LP,2206000000,Current Liabilities,l10n_cl_mega.cl_chart_template,
l10n_cl_mega.2301000000,CAPITAL SOCIAL,2301000000,Equity,l10n_cl_mega.cl_chart_template,
l10n_cl_mega.2301000020,ACCIONISTAS,2301000020,Equity,l10n_cl_mega.cl_chart_template,
l10n_cl_mega.2303000000,RESERVA REVALORIZACI,2303000000,Equity,l10n_cl_mega.cl_chart_template,
l10n_cl_mega.2304000000,OTRAS RESERVAS,2304000000,Equity,l10n_cl_mega.cl_chart_template,
l10n_cl_mega.2304600000,DIVIDENDOS PROVISORI,2304600000,Equity,l10n_cl_mega.cl_chart_template,
l10n_cl_mega.2304700000,RSVA. PARTIC.PROPIAS,2304700000,Equity,l10n_cl_mega.cl_chart_template,
l10n_cl_mega.2305000000,RSVAS.ESTATUTARIAS,2305000000,Equity,l10n_cl_mega.cl_chart_template,
l10n_cl_mega.2305200000,OTR.RSVAS.RESTRING.,2305200000,Equity,l10n_cl_mega.cl_chart_template,
l10n_cl_mega.2305300000,SALDO PARTIDA ESPEC.,2305300000,Equity,l10n_cl_mega.cl_chart_template,
l10n_cl_mega.2305400000,RESERVA PE,2305400000,Equity,l10n_cl_mega.cl_chart_template,
l10n_cl_mega.2305500000,RESULTADO EJERCICIO,2305500000,Current Year Earnings,l10n_cl_mega.cl_chart_template,
l10n_cl_mega.2305600000,COMPENS.FOMENTO INV.,2305600000,Equity,l10n_cl_mega.cl_chart_template,
l10n_cl_mega.2305700000,RESULTADO ACUMULADO,2305700000,Equity,l10n_cl_mega.cl_chart_template,
l10n_cl_mega.2401000000,INTERES MINORITARIO,2401000000,Equity,l10n_cl_mega.cl_chart_template,
l10n_cl_mega.2900000001,CUENTA COMPENSATORIA,2900000001,Equity,l10n_cl_mega.cl_chart_template,
l10n_cl_mega.3100000000,INGRESO POR VENTA,3100000000,Income,l10n_cl_mega.cl_chart_template,
l10n_cl_mega.3100000001,ING.X PUBLICIDAD PAG,3100000001,Income,l10n_cl_mega.cl_chart_template,
l10n_cl_mega.3100000002,ING.X PUBLICIDAD CAN,3100000002,Income,l10n_cl_mega.cl_chart_template,
l10n_cl_mega.3100000003,ING.X PUBLICIDAD INT,3100000003,Income,l10n_cl_mega.cl_chart_template,
l10n_cl_mega.3100000004,ING.X PREST.SERVICIO,3100000004,Income,l10n_cl_mega.cl_chart_template,
l10n_cl_mega.3100000005,INGRESOS TELEFONIA P,3100000005,Income,l10n_cl_mega.cl_chart_template,
l10n_cl_mega.3100000006,INGRESOS LICENCIAS P,3100000006,Income,l10n_cl_mega.cl_chart_template,
l10n_cl_mega.3100000007,INGRESOS EVENTOS PAG,3100000007,Income,l10n_cl_mega.cl_chart_template,
l10n_cl_mega.3100000008,INGR.AUTOLIQUIDA PAG,3100000008,Income,l10n_cl_mega.cl_chart_template,
l10n_cl_mega.3100000009,INGRESOS RIESGOS PAG,3100000009,Income,l10n_cl_mega.cl_chart_template,
l10n_cl_mega.3100000010,INGRESO POR VENTA,3100000010,Income,l10n_cl_mega.cl_chart_template,
l10n_cl_mega.3100000011,ING.X VENTAS DE CONT,3100000011,Income,l10n_cl_mega.cl_chart_template,
l10n_cl_mega.3100000012,ING.DES.PRODUCTOS PA,3100000012,Income,l10n_cl_mega.cl_chart_template,
l10n_cl_mega.3100000013,ING.X PUBLICIDAD CAN,3100000013,Income,l10n_cl_mega.cl_chart_template,
l10n_cl_mega.3100000014,INGRESOS TELEFONIA C,3100000014,Income,l10n_cl_mega.cl_chart_template,
l10n_cl_mega.3100000015,INGRESOS LICENCIAS C,3100000015,Income,l10n_cl_mega.cl_chart_template,
l10n_cl_mega.3100000016,INGRESOS EVENTOS CAN,3100000016,Income,l10n_cl_mega.cl_chart_template,
l10n_cl_mega.3100000017,INGR.AUTOLIQUIDA CAN,3100000017,Income,l10n_cl_mega.cl_chart_template,
l10n_cl_mega.3100000018,INGRESOS RIESGOS CAN,3100000018,Income,l10n_cl_mega.cl_chart_template,
l10n_cl_mega.3100000019,INGRESOS X SUSCRIPCI,3100000019,Income,l10n_cl_mega.cl_chart_template,
l10n_cl_mega.3100000021,ING.PROY. MULTI.PAGA,3100000021,Income,l10n_cl_mega.cl_chart_template,
l10n_cl_mega.3100000022,ING.PROY. MULTI.CANJ,3100000022,Income,l10n_cl_mega.cl_chart_template,
l10n_cl_mega.3100000200,INGRESO VTA ACCIONES,3100000200,Income,l10n_cl_mega.cl_chart_template,
l10n_cl_mega.3100000210,INT.Y REAJ.GANADOS,3100000210,Income,l10n_cl_mega.cl_chart_template,
l10n_cl_mega.3100000220,DIVIDENDOS GANADOS,3100000220,Income,l10n_cl_mega.cl_chart_template,
l10n_cl_mega.3100000230,UTILIDAD POR FONDOS,3100000230,Income,l10n_cl_mega.cl_chart_template,
l10n_cl_mega.3100000250,MAYOR VALOR F.MUTUO,3100000250,Income,l10n_cl_mega.cl_chart_template,
l10n_cl_mega.3200000000,INGRESO VENTA EE.RR.,3200000000,Income,l10n_cl_mega.cl_chart_template,
l10n_cl_mega.4100000060,COSTO VENTA ACTIVO F,4100000060,Expenses,l10n_cl_mega.cl_chart_template,
l10n_cl_mega.4111000064,INGR.CONS.MAT.CONSIG,4111000064,Expenses,l10n_cl_mega.cl_chart_template,
l10n_cl_mega.4120000300,DEP. CONSTR.Y EDIFIC,4120000300,Expenses,l10n_cl_mega.cl_chart_template,
l10n_cl_mega.4120000301,DEP. MAQUINAS - EQ.,4120000301,Expenses,l10n_cl_mega.cl_chart_template,
l10n_cl_mega.4120000302,DEP. MUEBLES-ENSERES,4120000302,Expenses,l10n_cl_mega.cl_chart_template,
l10n_cl_mega.4120000303,DEPRIAC. VEHICULOS,4120000303,Expenses,l10n_cl_mega.cl_chart_template,
l10n_cl_mega.4120000304,DEP. HARDWARE,4120000304,Expenses,l10n_cl_mega.cl_chart_template,
l10n_cl_mega.4120000305,DEP.AC. LEASING,4120000305,Expenses,l10n_cl_mega.cl_chart_template,
l10n_cl_mega.4120000306,DEP. ACT. PROV. LEAS,4120000306,Expenses,l10n_cl_mega.cl_chart_template,
l10n_cl_mega.4120000307,DEP. MEN MAQ TALLER,4120000307,Expenses,l10n_cl_mega.cl_chart_template,
l10n_cl_mega.4120000308,DEP. MEN HERRAMIENT,4120000308,Expenses,l10n_cl_mega.cl_chart_template,
l10n_cl_mega.4120000309,DEP. MEN FLOTA VEHIC,4120000309,Expenses,l10n_cl_mega.cl_chart_template,
l10n_cl_mega.4120000310,DEP. MEN CAMIONES,4120000310,Expenses,l10n_cl_mega.cl_chart_template,
l10n_cl_mega.4120000311,DEP. MEN OTROS VEHIC,4120000311,Expenses,l10n_cl_mega.cl_chart_template,
l10n_cl_mega.4120000312,DEP. MEN REMOL OTROS,4120000312,Expenses,l10n_cl_mega.cl_chart_template,
l10n_cl_mega.4120000313,DEP. MEN EQ. COMUNIC,4120000313,Expenses,l10n_cl_mega.cl_chart_template,
l10n_cl_mega.4120000340,DEPREC.MENSUAL CONST,4120000340,Expenses,l10n_cl_mega.cl_chart_template,
l10n_cl_mega.4120000600,AMORT.DRCHOS DE USO,4120000600,Expenses,l10n_cl_mega.cl_chart_template,
l10n_cl_mega.4121190501,PATENTE COMERCIAL,4121190501,Expenses,l10n_cl_mega.cl_chart_template,
l10n_cl_mega.4200000100,GASTOS PROG.X CONSUM,4200000100,Cost of Revenue,l10n_cl_mega.cl_chart_template,
l10n_cl_mega.4200000110,CONSUMO PROD.EXTERNA,4200000110,Cost of Revenue,l10n_cl_mega.cl_chart_template,
l10n_cl_mega.4200000120,CONSUM.MATE.FILM.EXT,4200000120,Cost of Revenue,l10n_cl_mega.cl_chart_template,
l10n_cl_mega.4200000130,CONSUM.MATE.FILM.NAC,4200000130,Cost of Revenue,l10n_cl_mega.cl_chart_template,
l10n_cl_mega.4200000150,COSTOS FILIALES,4200000150,Cost of Revenue,l10n_cl_mega.cl_chart_template,
l10n_cl_mega.4200000160,CONS.DERECH.TRANS.EX,4200000160,Cost of Revenue,l10n_cl_mega.cl_chart_template,
l10n_cl_mega.4200000170,CONS.DERECH.TRANS.NA,4200000170,Cost of Revenue,l10n_cl_mega.cl_chart_template,
l10n_cl_mega.4200000200,COSTO DE EXHIB.PROGR,4200000200,Cost of Revenue,l10n_cl_mega.cl_chart_template,
l10n_cl_mega.4200000210,GASTOS HON. X CONSUM,4200000210,Cost of Revenue,l10n_cl_mega.cl_chart_template,
l10n_cl_mega.4200000220,GASTOS REM. X CONSUM,4200000220,Cost of Revenue,l10n_cl_mega.cl_chart_template,
l10n_cl_mega.4200000300,GASTOS OBRAS CURSO,4200000300,Cost of Revenue,l10n_cl_mega.cl_chart_template,
l10n_cl_mega.4211000100,INGRESOS FINANCIEROS,4211000100,Expenses,l10n_cl_mega.cl_chart_template,
l10n_cl_mega.4211000104,OTROS INGRESOS,4211000104,Expenses,l10n_cl_mega.cl_chart_template,
l10n_cl_mega.4211500001,INGR.INT.EMPR.N.AS.,4211500001,Expenses,l10n_cl_mega.cl_chart_template,
l10n_cl_mega.4212000001,COSTO DE VENTA,4212000001,Expenses,l10n_cl_mega.cl_chart_template,
l10n_cl_mega.4213000002,INGRESO VENTA AF,4213000002,Expenses,l10n_cl_mega.cl_chart_template,
l10n_cl_mega.4213000053,INGRESOS POSTCAPITAL,4213000053,Expenses,l10n_cl_mega.cl_chart_template,
l10n_cl_mega.4221000001,CUENTAS NN,4221000001,Expenses,l10n_cl_mega.cl_chart_template,
l10n_cl_mega.4222000001,CUENTAS NN,4222000001,Expenses,l10n_cl_mega.cl_chart_template,
l10n_cl_mega.4223000000,OTROS EGRESOS FUERA,4223000000,Expenses,l10n_cl_mega.cl_chart_template,
l10n_cl_mega.4223000010,PERDIDA BAJA AF,4223000010,Expenses,l10n_cl_mega.cl_chart_template,
l10n_cl_mega.4230000011,HONORARIOS OTROS,4230000011,Expenses,l10n_cl_mega.cl_chart_template,
l10n_cl_mega.4230000012,INGRESO POR DIFERENC,4230000012,Expenses,l10n_cl_mega.cl_chart_template,
l10n_cl_mega.4230000013,GST.VALORACION MON.,4230000013,Expenses,l10n_cl_mega.cl_chart_template,
l10n_cl_mega.4230000014,GST.DIF.PR.PROD.EXT.,4230000014,Expenses,l10n_cl_mega.cl_chart_template,
l10n_cl_mega.4230000015,GST.DIF.PR.PROD.PROP,4230000015,Expenses,l10n_cl_mega.cl_chart_template,
l10n_cl_mega.4230000016,GST.REVALORACION,4230000016,Expenses,l10n_cl_mega.cl_chart_template,
l10n_cl_mega.4230000017,GST.DIF.PREC.PR.PROP,4230000017,Expenses,l10n_cl_mega.cl_chart_template,
l10n_cl_mega.4230000018,GST.DIF.PR.PROP.LM,4230000018,Expenses,l10n_cl_mega.cl_chart_template,
l10n_cl_mega.4230000019,GST.DIF.PR.NIV.INF.,4230000019,Expenses,l10n_cl_mega.cl_chart_template,
l10n_cl_mega.4230000020,GST.DIFERENC.MIN.RF,4230000020,Expenses,l10n_cl_mega.cl_chart_template,
l10n_cl_mega.4230000021,GST.REVALOR.MAT.EXT.,4230000021,Expenses,l10n_cl_mega.cl_chart_template,
l10n_cl_mega.4230000022,GST.REVAL.MAT.PROPIO,4230000022,Expenses,l10n_cl_mega.cl_chart_template,
l10n_cl_mega.4230000023,LIQ.AF EN CURSO CO,4230000023,Expenses,l10n_cl_mega.cl_chart_template,
l10n_cl_mega.4230000024,CSTINDADQUNOPLANIF,4230000024,Expenses,l10n_cl_mega.cl_chart_template,
l10n_cl_mega.4230000025,DIFERENC.TIPO CAMBIO,4230000025,Expenses,l10n_cl_mega.cl_chart_template,
l10n_cl_mega.4230000026,DIFERENC.TIPO CAMBIO,4230000026,Expenses,l10n_cl_mega.cl_chart_template,
l10n_cl_mega.4230000027,DIFER.REDONDEO ME II,4230000027,Expenses,l10n_cl_mega.cl_chart_template,
l10n_cl_mega.4230000028,INGR.DIF.REDONDEO MM,4230000028,Expenses,l10n_cl_mega.cl_chart_template,
l10n_cl_mega.4230000029,INGR.VALORACION MON.,4230000029,Expenses,l10n_cl_mega.cl_chart_template,
l10n_cl_mega.4230000030,GASTOS BANCARIOS,4230000030,Expenses,l10n_cl_mega.cl_chart_template,
l10n_cl_mega.4230000031,ING./GTOS DIFERENCIA,4230000031,Expenses,l10n_cl_mega.cl_chart_template,
l10n_cl_mega.4230000032,GTO. EXTRAORD. AF,4230000032,Expenses,l10n_cl_mega.cl_chart_template,
l10n_cl_mega.4240000001,CM TERRENOS,4240000001,Expenses,l10n_cl_mega.cl_chart_template,
l10n_cl_mega.4240000002,CM CONSTRUCCIONES,4240000002,Expenses,l10n_cl_mega.cl_chart_template,
l10n_cl_mega.4240000003,CM MAQUINAS Y EQUIPO,4240000003,Expenses,l10n_cl_mega.cl_chart_template,
l10n_cl_mega.4240000004,CM MUEBLES Y ENS.,4240000004,Expenses,l10n_cl_mega.cl_chart_template,
l10n_cl_mega.4240000005,CM VEHICULOS,4240000005,Expenses,l10n_cl_mega.cl_chart_template,
l10n_cl_mega.4240000006,CM HARDWARE,4240000006,Expenses,l10n_cl_mega.cl_chart_template,
l10n_cl_mega.4240000007,CM ACTIVOS LEASING,4240000007,Expenses,l10n_cl_mega.cl_chart_template,
l10n_cl_mega.4240000008,CM BPV,4240000008,Expenses,l10n_cl_mega.cl_chart_template,
l10n_cl_mega.4240000009,CM OBRAS EN CURSO,4240000009,Expenses,l10n_cl_mega.cl_chart_template,
l10n_cl_mega.4240000010,C.M.ACTIVO NO CORRIE,4240000010,Expenses,l10n_cl_mega.cl_chart_template,
l10n_cl_mega.4240000011,C.M. MAQ HERRAMIENTA,4240000011,Expenses,l10n_cl_mega.cl_chart_template,
l10n_cl_mega.4240000012,C.M. FLOTA VEHICULAR,4240000012,Expenses,l10n_cl_mega.cl_chart_template,
l10n_cl_mega.4240000013,C.M. FLOTA CAMIONES,4240000013,Expenses,l10n_cl_mega.cl_chart_template,
l10n_cl_mega.4240000014,C.M. FLOTA OTROS VEH,4240000014,Expenses,l10n_cl_mega.cl_chart_template,
l10n_cl_mega.4240000015,C.M. FLOTA REM OTROS,4240000015,Expenses,l10n_cl_mega.cl_chart_template,
l10n_cl_mega.4240000016,C.MONETARIA MOD.A.FI,4240000016,Expenses,l10n_cl_mega.cl_chart_template,
l10n_cl_mega.4300010010,ARR.EQUIP. Y MAQ.,4300010010,Expenses,l10n_cl_mega.cl_chart_template,
l10n_cl_mega.4300010070,FLETES TERCEROS,4300010070,Expenses,l10n_cl_mega.cl_chart_template,
l10n_cl_mega.4300010205,SINIESTROS,4300010205,Expenses,l10n_cl_mega.cl_chart_template,
l10n_cl_mega.4300010330,COMISION COMPRA DE A,4300010330,Expenses,l10n_cl_mega.cl_chart_template,
l10n_cl_mega.4300010340,COMISION VENTA DE AC,4300010340,Expenses,l10n_cl_mega.cl_chart_template,
l10n_cl_mega.4300020130,COMISIONES,4300020130,Expenses,l10n_cl_mega.cl_chart_template,
l10n_cl_mega.4300040030,COMBUSTIBLE,4300040030,Expenses,l10n_cl_mega.cl_chart_template,
l10n_cl_mega.4300040140,TRANSPORTE DE PASAJE,4300040140,Expenses,l10n_cl_mega.cl_chart_template,
l10n_cl_mega.4300050020,REMUNERACION,4300050020,Cost of Revenue,l10n_cl_mega.cl_chart_template,
l10n_cl_mega.4300050030,REMUNERACION VARIABL,4300050030,Cost of Revenue,l10n_cl_mega.cl_chart_template,
l10n_cl_mega.4300050040,HORAS EXTRAS,4300050040,Cost of Revenue,l10n_cl_mega.cl_chart_template,
l10n_cl_mega.4300050050,GRATIFICACIONES,4300050050,Cost of Revenue,l10n_cl_mega.cl_chart_template,
l10n_cl_mega.4300050060,COMISIONES REMUNERAC,4300050060,Cost of Revenue,l10n_cl_mega.cl_chart_template,
l10n_cl_mega.4300050090,AGUINALDOS,4300050090,Cost of Revenue,l10n_cl_mega.cl_chart_template,
l10n_cl_mega.4300050100,ASIG ALEMNTAC (REM),4300050100,Cost of Revenue,l10n_cl_mega.cl_chart_template,
l10n_cl_mega.4300050120,ASIGNACIONES,4300050120,Cost of Revenue,l10n_cl_mega.cl_chart_template,
l10n_cl_mega.4300050130,BONOS,4300050130,Cost of Revenue,l10n_cl_mega.cl_chart_template,
l10n_cl_mega.4300050135,BONOS ESPECIALES,4300050135,Cost of Revenue,l10n_cl_mega.cl_chart_template,
l10n_cl_mega.4300050140,BONO VACACIONES,4300050140,Cost of Revenue,l10n_cl_mega.cl_chart_template,
l10n_cl_mega.4300050160,CAPACITACION,4300050160,Cost of Revenue,l10n_cl_mega.cl_chart_template,
l10n_cl_mega.4300050170,BENEF PERSONAL VARIO,4300050170,Cost of Revenue,l10n_cl_mega.cl_chart_template,
l10n_cl_mega.4300050180,BIENESTAR AL PERSONA,4300050180,Cost of Revenue,l10n_cl_mega.cl_chart_template,
l10n_cl_mega.4300050190,INDEMNIZACIONES,4300050190,Cost of Revenue,l10n_cl_mega.cl_chart_template,
l10n_cl_mega.4300050240,PROVISION VACACIONES,4300050240,Cost of Revenue,l10n_cl_mega.cl_chart_template,
l10n_cl_mega.4300050290,SEGURO DE SALUD,4300050290,Cost of Revenue,l10n_cl_mega.cl_chart_template,
l10n_cl_mega.4300050300,DESAHUCIOS,4300050300,Cost of Revenue,l10n_cl_mega.cl_chart_template,
l10n_cl_mega.4300050310,BONOS PANTALLA,4300050310,Cost of Revenue,l10n_cl_mega.cl_chart_template,
l10n_cl_mega.4300050320,SALA CUNA,4300050320,Cost of Revenue,l10n_cl_mega.cl_chart_template,
l10n_cl_mega.4300050330,SERV ALIMENT.F.EMPRE,4300050330,Cost of Revenue,l10n_cl_mega.cl_chart_template,
l10n_cl_mega.4300050340,TRANSF.REMUERACIONES,4300050340,Cost of Revenue,l10n_cl_mega.cl_chart_template,
l10n_cl_mega.4300050350,TRANSF.PERSONAL TEC,4300050350,Cost of Revenue,l10n_cl_mega.cl_chart_template,
l10n_cl_mega.4300050360,TRANSF.PERSONAL FyT,4300050360,Cost of Revenue,l10n_cl_mega.cl_chart_template,
l10n_cl_mega.4300060010,ARR.BIEN MUEBLES,4300060010,Expenses,l10n_cl_mega.cl_chart_template,
l10n_cl_mega.4300060015,OTROS ARRIENDOS,4300060015,Expenses,l10n_cl_mega.cl_chart_template,
l10n_cl_mega.4300060020,ARRIENDO DE INMUEBLE,4300060020,Expenses,l10n_cl_mega.cl_chart_template,
l10n_cl_mega.4300060040,ARRIENDO LOCACIONES,4300060040,Expenses,l10n_cl_mega.cl_chart_template,
l10n_cl_mega.4300060050,ARRIENDO SUCURSALES,4300060050,Expenses,l10n_cl_mega.cl_chart_template,
l10n_cl_mega.4300060060,ARRIENDO VEHICULO,4300060060,Expenses,l10n_cl_mega.cl_chart_template,
l10n_cl_mega.4300060070,AUDITORIA,4300060070,Expenses,l10n_cl_mega.cl_chart_template,
l10n_cl_mega.4300060080,ASESORIAS,4300060080,Expenses,l10n_cl_mega.cl_chart_template,
l10n_cl_mega.4300060085,OTRAS CONSULTORIAS,4300060085,Expenses,l10n_cl_mega.cl_chart_template,
l10n_cl_mega.4300060090,CASTIGOS INCOBRABLES,4300060090,Expenses,l10n_cl_mega.cl_chart_template,
l10n_cl_mega.4300060095,CUOT.SOCIALES ANATEL,4300060095,Expenses,l10n_cl_mega.cl_chart_template,
l10n_cl_mega.4300060140,CONTRIBUCIONES,4300060140,Expenses,l10n_cl_mega.cl_chart_template,
l10n_cl_mega.4300060150,ELECTRICIDAD,4300060150,Expenses,l10n_cl_mega.cl_chart_template,
l10n_cl_mega.4300060205,MATERIALES PARA GRAB,4300060205,Expenses,l10n_cl_mega.cl_chart_template,
l10n_cl_mega.4300060215,GASTOS DIRECTOS RRPP,4300060215,Expenses,l10n_cl_mega.cl_chart_template,
l10n_cl_mega.4300060225,MAT.MAQ.Y PELUQUERIA,4300060225,Expenses,l10n_cl_mega.cl_chart_template,
l10n_cl_mega.4300060230,GASTO RECHAZADO,4300060230,Expenses,l10n_cl_mega.cl_chart_template,
l10n_cl_mega.4300060235,ESCENOGRAFIA,4300060235,Expenses,l10n_cl_mega.cl_chart_template,
l10n_cl_mega.4300060245,UTILERIA,4300060245,Expenses,l10n_cl_mega.cl_chart_template,
l10n_cl_mega.4300060250,GASTOS DE REPRESENTA,4300060250,Expenses,l10n_cl_mega.cl_chart_template,
l10n_cl_mega.4300060255,VESTUARIO Y CALZADO,4300060255,Expenses,l10n_cl_mega.cl_chart_template,
l10n_cl_mega.4300060265,PREMIOS DE CONCURSOS,4300060265,Expenses,l10n_cl_mega.cl_chart_template,
l10n_cl_mega.4300060270,GASTOS MENORES,4300060270,Expenses,l10n_cl_mega.cl_chart_template,
l10n_cl_mega.4300060275,O.GASTOS DE TRANSPOR,4300060275,Expenses,l10n_cl_mega.cl_chart_template,
l10n_cl_mega.4300060285,ATENCION INVITADOS,4300060285,Expenses,l10n_cl_mega.cl_chart_template,
l10n_cl_mega.4300060295,PASAJES NACIONALES,4300060295,Expenses,l10n_cl_mega.cl_chart_template,
l10n_cl_mega.4300060300,GASTOS EN CORRESPOND,4300060300,Expenses,l10n_cl_mega.cl_chart_template,
l10n_cl_mega.4300060305,PASAJES INTERNACIONA,4300060305,Expenses,l10n_cl_mega.cl_chart_template,
l10n_cl_mega.4300060315,ESTADIA VIAJES NACIO,4300060315,Expenses,l10n_cl_mega.cl_chart_template,
l10n_cl_mega.4300060320,GASTOS COMPUTACIONAL,4300060320,Expenses,l10n_cl_mega.cl_chart_template,
l10n_cl_mega.4300060325,GASTOS DE MEDICACION,4300060325,Expenses,l10n_cl_mega.cl_chart_template,
l10n_cl_mega.4300060335,ESTADIA VIAJES INTER,4300060335,Expenses,l10n_cl_mega.cl_chart_template,
l10n_cl_mega.4300060345,IMPRESIONES Y EMPAST,4300060345,Expenses,l10n_cl_mega.cl_chart_template,
l10n_cl_mega.4300060350,IMPUESTOS Y COMISION,4300060350,Expenses,l10n_cl_mega.cl_chart_template,
l10n_cl_mega.4300060440,MANTENCION BIEN INMU,4300060440,Expenses,l10n_cl_mega.cl_chart_template,
l10n_cl_mega.4300060445,MANT.MAQ.Y EQUIPOS,4300060445,Expenses,l10n_cl_mega.cl_chart_template,
l10n_cl_mega.4300060455,MANT.MUEBLES Y UTILE,4300060455,Expenses,l10n_cl_mega.cl_chart_template,
l10n_cl_mega.4300060465,MANTENCIONES COMPUTA,4300060465,Expenses,l10n_cl_mega.cl_chart_template,
l10n_cl_mega.4300060470,MANTENCION VEHICULO,4300060470,Expenses,l10n_cl_mega.cl_chart_template,
l10n_cl_mega.4300060475,OTRAS MANT.Y REPARAC,4300060475,Expenses,l10n_cl_mega.cl_chart_template,
l10n_cl_mega.4300060477,GTOS.O.CURSO INFRAES,4300060477,Expenses,l10n_cl_mega.cl_chart_template,
l10n_cl_mega.4300060478,GTOS.O.CURSO MAQ Y E,4300060478,Expenses,l10n_cl_mega.cl_chart_template,
l10n_cl_mega.4300060479,GTOS.O.CURSO MUE.Y U,4300060479,Expenses,l10n_cl_mega.cl_chart_template,
l10n_cl_mega.4300060480,MATERIALES DE OFICIN,4300060480,Expenses,l10n_cl_mega.cl_chart_template,
l10n_cl_mega.4300060500,MOVILIZACION,4300060500,Expenses,l10n_cl_mega.cl_chart_template,
l10n_cl_mega.4300060550,PATENTE COMERCIAL,4300060550,Expenses,l10n_cl_mega.cl_chart_template,
l10n_cl_mega.4300060555,DERECHOS DE AUTOR,4300060555,Expenses,l10n_cl_mega.cl_chart_template,
l10n_cl_mega.4300060560,PEAJES Y PARQUIMETRO,4300060560,Expenses,l10n_cl_mega.cl_chart_template,
l10n_cl_mega.4300060565,RADIOESPECTRO ELECTR,4300060565,Expenses,l10n_cl_mega.cl_chart_template,
l10n_cl_mega.4300060640,SEGURIDAD Y VIGILAN.,4300060640,Expenses,l10n_cl_mega.cl_chart_template,
l10n_cl_mega.4300060650,SEGUROS GENERALES,4300060650,Expenses,l10n_cl_mega.cl_chart_template,
l10n_cl_mega.4300060690,SERV ALIMENTACION,4300060690,Expenses,l10n_cl_mega.cl_chart_template,
l10n_cl_mega.4300060750,SERVICIOS DE ASEO,4300060750,Expenses,l10n_cl_mega.cl_chart_template,
l10n_cl_mega.4300060755,SERVICIOS DE LAVANDE,4300060755,Expenses,l10n_cl_mega.cl_chart_template,
l10n_cl_mega.4300060780,SUSCRIPCIONES,4300060780,Expenses,l10n_cl_mega.cl_chart_template,
l10n_cl_mega.4300060790,SW BASICO PC-USO,4300060790,Expenses,l10n_cl_mega.cl_chart_template,
l10n_cl_mega.4300060800,TELEFONOS,4300060800,Expenses,l10n_cl_mega.cl_chart_template,
l10n_cl_mega.4300060810,TELEFONOS CELULARE,4300060810,Expenses,l10n_cl_mega.cl_chart_template,
l10n_cl_mega.4300060860,VESTUARIO PERSONAL,4300060860,Expenses,l10n_cl_mega.cl_chart_template,
l10n_cl_mega.4300060890,VIATICOS,4300060890,Expenses,l10n_cl_mega.cl_chart_template,
l10n_cl_mega.4300060900,AGUA,4300060900,Expenses,l10n_cl_mega.cl_chart_template,
l10n_cl_mega.4300060905,GAS,4300060905,Expenses,l10n_cl_mega.cl_chart_template,
l10n_cl_mega.4300060910,ARTICULOS DE ASEO,4300060910,Expenses,l10n_cl_mega.cl_chart_template,
l10n_cl_mega.4300060940,GASTOS LEGALES Y NOT,4300060940,Expenses,l10n_cl_mega.cl_chart_template,
l10n_cl_mega.4300061010,ANIMADORES,4300061010,Expenses,l10n_cl_mega.cl_chart_template,
l10n_cl_mega.4300061020,ELENCO,4300061020,Expenses,l10n_cl_mega.cl_chart_template,
l10n_cl_mega.4300061030,BOLOS,4300061030,Expenses,l10n_cl_mega.cl_chart_template,
l10n_cl_mega.4300061040,SERVICIOS A PROGRAMA,4300061040,Expenses,l10n_cl_mega.cl_chart_template,
l10n_cl_mega.4300061050,SERVICIOS DE ESTRUCT,4300061050,Expenses,l10n_cl_mega.cl_chart_template,
l10n_cl_mega.4300061060,ESTUDIOS IMAGEN Y TE,4300061060,Expenses,l10n_cl_mega.cl_chart_template,
l10n_cl_mega.4300061070,MARKETING COMERCIAL,4300061070,Expenses,l10n_cl_mega.cl_chart_template,
l10n_cl_mega.4300061080,COSTO PROD.MARKETING,4300061080,Expenses,l10n_cl_mega.cl_chart_template,
l10n_cl_mega.4300061090,FEE AGENCIAS,4300061090,Expenses,l10n_cl_mega.cl_chart_template,
l10n_cl_mega.4300061100,REVISTA MEGA MES,4300061100,Expenses,l10n_cl_mega.cl_chart_template,
l10n_cl_mega.4300061110,PUBLIC.MEDIOS CANJE,4300061110,Expenses,l10n_cl_mega.cl_chart_template,
l10n_cl_mega.4300061120,PUBLIC.MEDIOS PAGADO,4300061120,Expenses,l10n_cl_mega.cl_chart_template,
l10n_cl_mega.4300061130,VERIF.Y MEDIC.PUBLIC,4300061130,Expenses,l10n_cl_mega.cl_chart_template,
l10n_cl_mega.4300061140,AGENCIA DE NOTICIAS,4300061140,Expenses,l10n_cl_mega.cl_chart_template,
l10n_cl_mega.4300061150,SEÑAL SATEL.INTERNAC,4300061150,Expenses,l10n_cl_mega.cl_chart_template,
l10n_cl_mega.4300061160,SEÑAL SATEL.NACIONAL,4300061160,Expenses,l10n_cl_mega.cl_chart_template,
l10n_cl_mega.4300061170,TRANSPORTE DE SEÑAL,4300061170,Expenses,l10n_cl_mega.cl_chart_template,
l10n_cl_mega.4300061180,RECEPCION DE SEÑAL,4300061180,Expenses,l10n_cl_mega.cl_chart_template,
l10n_cl_mega.4300061190,BONIFICACION AGENCIA,4300061190,Expenses,l10n_cl_mega.cl_chart_template,
l10n_cl_mega.4300061200,ROSTROS,4300061200,Expenses,l10n_cl_mega.cl_chart_template,
l10n_cl_mega.4300061210,EXTRAS,4300061210,Expenses,l10n_cl_mega.cl_chart_template,
l10n_cl_mega.4300061220,GASTOS AMBIENTACION,4300061220,Expenses,l10n_cl_mega.cl_chart_template,
l10n_cl_mega.4300061230,GUIONES,4300061230,Expenses,l10n_cl_mega.cl_chart_template,
l10n_cl_mega.4300061240,CORRESPONSALES,4300061240,Expenses,l10n_cl_mega.cl_chart_template,
l10n_cl_mega.4300080010,INTERES PRESTAMO BAN,4300080010,Expenses,l10n_cl_mega.cl_chart_template,
l10n_cl_mega.4300080011,INT.PTMO.INST.NO BCO,4300080011,Expenses,l10n_cl_mega.cl_chart_template,
l10n_cl_mega.4300080020,INTERES LEASING,4300080020,Expenses,l10n_cl_mega.cl_chart_template,
l10n_cl_mega.4300080025,INTERES OPER.FACTORI,4300080025,Expenses,l10n_cl_mega.cl_chart_template,
l10n_cl_mega.4300080030,INTERESES POR LETRAS,4300080030,Expenses,l10n_cl_mega.cl_chart_template,
l10n_cl_mega.4300080040,INTERES POR MORA,4300080040,Expenses,l10n_cl_mega.cl_chart_template,
l10n_cl_mega.4300080050,INTERESES BOLETA GAR,4300080050,Expenses,l10n_cl_mega.cl_chart_template,
l10n_cl_mega.4300080060,GASTOS BANCARIOS,4300080060,Expenses,l10n_cl_mega.cl_chart_template,
l10n_cl_mega.4300080070,INTERESES Y MULTAS,4300080070,Expenses,l10n_cl_mega.cl_chart_template,
l10n_cl_mega.4300080080,IMPUESTOS Y COMISION,4300080080,Expenses,l10n_cl_mega.cl_chart_template,
l10n_cl_mega.4300080090,INTERESES SWAP DE TA,4300080090,Expenses,l10n_cl_mega.cl_chart_template,
l10n_cl_mega.4300080100,GTOS FINANC.DER.USO,4300080100,Expenses,l10n_cl_mega.cl_chart_template,
l10n_cl_mega.4300090010,UTILIDAD EMP.RELAC.,4300090010,Expenses,l10n_cl_mega.cl_chart_template,
l10n_cl_mega.4300090020,PERDIDA EMP.RELAC,4300090020,Expenses,l10n_cl_mega.cl_chart_template,
l10n_cl_mega.4300090030,AMORT.MENOR VAL.INV.,4300090030,Expenses,l10n_cl_mega.cl_chart_template,
l10n_cl_mega.4300090040,AMORT.MAYOR VAL.INV.,4300090040,Expenses,l10n_cl_mega.cl_chart_template,
l10n_cl_mega.4300090045,AMORTIZACION DE INTA,4300090045,Expenses,l10n_cl_mega.cl_chart_template,
l10n_cl_mega.4300090050,RENTABILIDAD DE ACCI,4300090050,Expenses,l10n_cl_mega.cl_chart_template,
l10n_cl_mega.4300090080,G&P FUSION EMPRESAS,4300090080,Expenses,l10n_cl_mega.cl_chart_template,
l10n_cl_mega.4300090100,ING.X ARR.NO OPERACI,4300090100,Expenses,l10n_cl_mega.cl_chart_template,
l10n_cl_mega.4300090200,DONACIONES,4300090200,Expenses,l10n_cl_mega.cl_chart_template,
l10n_cl_mega.4300090500,IVA NO UTILIZADO,4300090500,Expenses,l10n_cl_mega.cl_chart_template,
l10n_cl_mega.4300090510,IVA PROPORCIONAL,4300090510,Expenses,l10n_cl_mega.cl_chart_template,
l10n_cl_mega.4300090600,O.EGRESOS NO OPERAC.,4300090600,Expenses,l10n_cl_mega.cl_chart_template,
l10n_cl_mega.4300090650,O.EGRESOS EE.RR.,4300090650,Expenses,l10n_cl_mega.cl_chart_template,
l10n_cl_mega.4300090700,O.INGRESOS NO OPERAC,4300090700,Expenses,l10n_cl_mega.cl_chart_template,
l10n_cl_mega.4300090715,SERVICIOS ADM.Y VENT,4300090715,Expenses,l10n_cl_mega.cl_chart_template,
l10n_cl_mega.4300090800,INGRESOS FINANCIEROS,4300090800,Expenses,l10n_cl_mega.cl_chart_template,
l10n_cl_mega.4300090900,ING.FIN.BOLETAS GTIA,4300090900,Expenses,l10n_cl_mega.cl_chart_template,
l10n_cl_mega.4900000001,TRASLADOS CO,4900000001,Expenses,l10n_cl_mega.cl_chart_template,
l10n_cl_mega.5001000000,CUENTAS NN,5001000000,Expenses,l10n_cl_mega.cl_chart_template,
l10n_cl_mega.5100000000,REAJ.DRCHO DE USO,5100000000,Expenses,l10n_cl_mega.cl_chart_template,
l10n_cl_mega.5230000000,DIFERENC.TIPO CAMBIO,5230000000,Expenses,l10n_cl_mega.cl_chart_template,
l10n_cl_mega.5230000010,DIF.T.C.SWAP/DERIVAD,5230000010,Expenses,l10n_cl_mega.cl_chart_template,
l10n_cl_mega.5240000200,C.MONETARIA ACTIVOS,5240000200,Expenses,l10n_cl_mega.cl_chart_template,
l10n_cl_mega.5240000215,C.M.SWAP/DERIVADO,5240000215,Expenses,l10n_cl_mega.cl_chart_template,
l10n_cl_mega.5240000220,C.MONETARIA PASIVO,5240000220,Expenses,l10n_cl_mega.cl_chart_template,
l10n_cl_mega.5300000000,IMPUESTO A LA RENTA,5300000000,Expenses,l10n_cl_mega.cl_chart_template,
l10n_cl_mega.5300000010,IMPUESTO A LA RENTA,5300000010,Expenses,l10n_cl_mega.cl_chart_template,
